出版社,年級,學期,課次,生字
南一,1,1,,一
南一,1,1,,二
南一,1,1,,三
南一,1,1,,四
南一,1,1,,五
南一,1,1,,六
南一,1,1,,七
南一,1,1,,八
南一,1,1,,九
南一,1,1,,十
南一,1,1,,日
南一,1,1,,月
南一,1,1,,山
南一,1,1,,木
南一,1,1,,水
南一,1,1,,人
南一,1,1,,手
南一,1,1,,門
南一,1,1,1,小
南一,1,1,1,上
南一,1,1,1,走
南一,1,1,1,左
南一,1,1,1,右
南一,1,1,1,向
南一,1,1,1,魚
南一,1,1,1,也
南一,1,1,1,來
南一,1,1,1,加
南一,1,1,1,船
南一,1,1,1,前
南一,1,1,1,油
南一,1,1,2,開
南一,1,1,2,出
南一,1,1,2,招
南一,1,1,2,車
南一,1,1,2,子
南一,1,1,2,地
南一,1,1,2,花
南一,1,1,2,朵
南一,1,1,2,在
南一,1,1,2,笑
南一,1,1,2,印
南一,1,1,2,張
南一,1,1,2,臉
南一,1,1,3,泡
南一,1,1,3,玩
南一,1,1,3,大
南一,1,1,3,起
南一,1,1,3,好
南一,1,1,3,多
南一,1,1,3,我
南一,1,1,3,的
南一,1,1,3,你
南一,1,1,3,抱
南一,1,1,3,吹
南一,1,1,3,家
南一,1,1,3,像
南一,1,1,4,爸
南一,1,1,4,到
南一,1,1,4,青
南一,1,1,4,叫
南一,1,1,4,下
南一,1,1,4,那
南一,1,1,4,和
南一,1,1,4,要
南一,1,1,4,他
南一,1,1,4,朋
南一,1,1,4,友
南一,1,1,4,跟
南一,1,1,4,頭
南一,1,1,4,想
南一,1,1,4,做
南一,1,1,5,外
南一,1,1,5,住
南一,1,1,5,個
南一,1,1,5,們
南一,1,1,5,這
南一,1,1,5,裡
南一,1,1,5,有
南一,1,1,5,沒
南一,1,1,5,是
南一,1,1,5,什
南一,1,1,5,麼
南一,1,1,5,星
南一,1,1,5,哪
南一,1,1,5,球
南一,1,1,5,河
南一,1,1,5,流
南一,1,1,6,金
南一,1,1,6,說
南一,1,1,6,句
南一,1,1,6,話
南一,1,1,6,兩
南一,1,1,6,都
南一,1,1,6,悄
南一,1,1,6,尾
南一,1,1,6,巴
南一,1,1,6,滿
南一,1,1,6,紅
南一,1,1,6,吐
南一,1,1,6,缸
南一,1,1,6,搖
南一,1,1,7,春
南一,1,1,7,貼
南一,1,1,7,呢
南一,1,1,7,了
南一,1,1,7,請
南一,1,1,7,天
南一,1,1,7,家
南一,1,1,7,把
南一,1,1,7,不
南一,1,1,7,房
南一,1,1,7,福
南一,1,1,7,為
南一,1,1,7,幸
南一,1,2,1,太
南一,1,2,1,充
南一,1,2,1,電
南一,1,2,1,雨
南一,1,2,1,過
南一,1,2,1,後
南一,1,2,1,為
南一,1,2,1,冬
南一,1,2,1,土
南一,1,2,1,草
南一,1,2,1,冒
南一,1,2,1,哭
南一,1,2,1,心
南一,1,2,1,陽
南一,1,2,1,機
南一,1,2,2,顏
南一,1,2,2,色
南一,1,2,2,細
南一,1,2,2,著
南一,1,2,2,問
南一,1,2,2,鳥
南一,1,2,2,綠
南一,1,2,2,看
南一,1,2,2,藍
南一,1,2,2,空
南一,1,2,2,媽
南一,1,2,2,彩
南一,1,2,2,中
南一,1,2,2,虹
南一,1,2,2,蜻
南一,1,2,2,蜓
南一,1,2,3,音
南一,1,2,3,樂
南一,1,2,3,會
南一,1,2,3,坡
南一,1,2,3,忙
南一,1,2,3,布
南一,1,2,3,場
南一,1,2,3,入
南一,1,2,3,口
南一,1,2,3,河
南一,1,2,3,林
南一,1,2,3,間
南一,1,2,3,風
南一,1,2,3,跑
南一,1,2,3,置
南一,1,2,4,書
南一,1,2,4,打
南一,1,2,4,跳
南一,1,2,4,陪
南一,1,2,4,去
南一,1,2,4,險
南一,1,2,4,海
南一,1,2,4,找
南一,1,2,4,歡
南一,1,2,4,神
南一,1,2,4,奇
南一,1,2,4,猜
南一,1,2,4,次
南一,1,2,4,誰
南一,1,2,4,跟
南一,1,2,4,恐
南一,1,2,4,龍
南一,1,2,4,豚
南一,1,2,5,喜
南一,1,2,5,帶
南一,1,2,5,氣
南一,1,2,5,球
南一,1,2,5,始
南一,1,2,5,吹
南一,1,2,5,突
南一,1,2,5,然
南一,1,2,5,得
南一,1,2,5,高
南一,1,2,5,樹
南一,1,2,5,給
南一,1,2,5,可
南一,1,2,5,理
南一,1,2,5,只
南一,1,2,5,輕
南一,1,2,5,飛
南一,1,2,5,還
南一,1,2,6,居
南一,1,2,6,孩
南一,1,2,6,常
南一,1,2,6,躲
南一,1,2,6,發
南一,1,2,6,現
南一,1,2,6,就
南一,1,2,6,頭
南一,1,2,6,回
南一,1,2,6,想
南一,1,2,6,但
南一,1,2,6,怎
南一,1,2,6,知
南一,1,2,6,道
南一,1,2,6,先
南一,1,2,6,鄰
南一,1,2,6,縮
南一,1,2,6,讓
南一,1,2,7,畫
南一,1,2,7,愛
南一,1,2,7,送
南一,1,2,7,寫
南一,1,2,7,祝
南一,1,2,7,張
南一,1,2,7,臉
南一,1,2,7,感
南一,1,2,7,謝
南一,1,2,7,老
南一,1,2,7,師
南一,1,2,7,啊
南一,1,2,7,還
南一,1,2,7,漂
南一,1,2,7,亮
南一,1,2,7,顆
南一,1,2,7,蛋
南一,1,2,7,糕
南一,1,2,8,卡
南一,1,2,8,片
南一,1,2,8,秋
南一,1,2,8,採
南一,1,2,8,果
南一,1,2,8,吃
南一,1,2,8,飽
南一,1,2,8,方
南一,1,2,8,埋
南一,1,2,8,進
南一,1,2,8,很
南一,1,2,8,久
南一,1,2,8,嗎
南一,1,2,8,長
南一,1,2,8,敬
南一,1,2,8,松
南一,1,2,8,鼠
南一,1,2,8,從
南一,1,2,8,等
南一,1,2,9,奶
南一,1,2,9,貝
南一,1,2,9,早
南一,1,2,9,校
南一,1,2,9,園
南一,1,2,9,工
南一,1,2,9,作
南一,1,2,9,她
南一,1,2,9,邊
南一,1,2,9,汗
南一,1,2,9,學
南一,1,2,9,您
南一,1,2,9,樣
南一,1,2,9,當
南一,1,2,9,成
南一,1,2,9,寶
南一,1,2,9,擦
南一,1,2,9,澆
南一,1,2,10,井
南一,1,2,10,隻
南一,1,2,10,除
南一,1,2,10,睡
南一,1,2,10,覺
南一,1,2,10,東
南一,1,2,10,西
南一,1,2,10,拍
南一,1,2,10,肚
南一,1,2,10,唉
南一,1,2,10,幾
南一,1,2,10,世
南一,1,2,10,界
南一,1,2,10,連
南一,1,2,10,裝
南一,1,2,10,蛙
南一,1,2,10,窪
南一,1,2,11,星
南一,1,2,11,面
南一,1,2,11,許
南一,1,2,11,池
南一,1,2,11,圈
南一,1,2,11,波
南一,1,2,11,紋
南一,1,2,11,見
南一,1,2,11,快
南一,1,2,11,告
南一,1,2,11,訴
南一,1,2,11,光
南一,1,2,11,拉
南一,1,2,11,怪
南一,1,2,11,呀
南一,1,2,11,鴨
南一,1,2,11,塘
南一,1,2,12,止
南一,1,2,12,半
南一,1,2,12,羊
南一,1,2,12,田
南一,1,2,12,再
南一,1,2,12,瓜
南一,1,2,12,苗
南一,1,2,12,辛
南一,1,2,12,苦
南一,1,2,12,油
南一,1,2,12,能
南一,1,2,12,收
南一,1,2,12,甜
南一,1,2,12,分
南一,1,2,12,享
南一,1,2,12,豬
南一,1,2,12,種
南一,1,2,12,葉
南一,2,1,1,呼
南一,2,1,1,白
南一,2,1,1,雲
南一,2,1,1,柔
南一,2,1,1,前
南一,2,1,1,游
南一,2,1,1,噴
南一,2,1,1,美
南一,2,1,1,麗
南一,2,1,1,柱
南一,2,1,1,試
南一,2,1,1,吸
南一,2,1,1,用
南一,2,1,1,力
南一,2,1,1,哇
南一,2,1,1,又
南一,2,1,1,第
南一,2,1,1,功
南一,2,1,1,擠
南一,2,1,2,爬
南一,2,1,2,梯
南一,2,1,2,紙
南一,2,1,2,條
南一,2,1,2,線
南一,2,1,2,像
南一,2,1,2,身
南一,2,1,2,生
南一,2,1,2,迫
南一,2,1,2,及
南一,2,1,2,待
南一,2,1,2,站
南一,2,1,2,沿
南一,2,1,2,頂
南一,2,1,2,格
南一,2,1,2,哪
南一,2,1,2,才
南一,2,1,2,最
南一,2,1,3,勇
南一,2,1,3,教
南一,2,1,3,室
南一,2,1,3,棵
南一,2,1,3,葉
南一,2,1,3,克
南一,2,1,3,服
南一,2,1,3,害
南一,2,1,3,怕
南一,2,1,3,努
南一,2,1,3,完
南一,2,1,3,事
南一,2,1,3,倒
南一,2,1,3,時
南一,2,1,3,黑
南一,2,1,3,低
南一,2,1,3,聲
南一,2,1,3,故
南一,2,1,3,跌
南一,2,1,3,騎
南一,2,1,4,塊
南一,2,1,4,圓
南一,2,1,4,形
南一,2,1,4,芝
南一,2,1,4,麻
南一,2,1,4,餅
南一,2,1,4,咬
南一,2,1,4,飯
南一,2,1,4,做
南一,2,1,4,課
南一,2,1,4,洗
南一,2,1,4,澡
南一,2,1,4,拾
南一,2,1,4,整
南一,2,1,4,包
南一,2,1,4,遊
南一,2,1,4,戲
南一,2,1,4,剩
南一,2,1,5,蟲
南一,2,1,5,森
南一,2,1,5,動
南一,2,1,5,物
南一,2,1,5,王
南一,2,1,5,坐
南一,2,1,5,午
南一,2,1,5,停
南一,2,1,5,座
南一,2,1,5,急
南一,2,1,5,百
南一,2,1,5,科
南一,2,1,5,全
南一,2,1,5,原
南一,2,1,5,從
南一,2,1,5,此
南一,2,1,5,管
南一,2,1,5,種
南一,2,1,5,橋
南一,2,1,5,圖
南一,2,1,5,館
南一,2,1,6,自
南一,2,1,6,己
南一,2,1,6,沙
南一,2,1,6,撿
南一,2,1,6,垃
南一,2,1,6,圾
南一,2,1,6,眼
南一,2,1,6,膠
南一,2,1,6,對
南一,2,1,6,牠
南一,2,1,6,安
南一,2,1,6,吧
南一,2,1,6,如
南一,2,1,6,該
南一,2,1,6,留
南一,2,1,6,便
南一,2,1,6,減
南一,2,1,6,少
南一,2,1,6,灘
南一,2,1,6,塑
南一,2,1,7,等
南一,2,1,7,兔
南一,2,1,7,撞
南一,2,1,7,農
南一,2,1,7,夫
南一,2,1,7,夏
南一,2,1,7,剛
南一,2,1,7,趕
南一,2,1,7,路
南一,2,1,7,幸
南一,2,1,7,運
南一,2,1,7,以
南一,2,1,7,耕
南一,2,1,7,守
南一,2,1,7,夜
南一,2,1,7,晚
南一,2,1,7,北
南一,2,1,7,搖
南一,2,1,8,角
南一,2,1,8,腳
南一,2,1,8,渴
南一,2,1,8,鹿
南一,2,1,8,喝
南一,2,1,8,影
南一,2,1,8,意
南一,2,1,8,卻
南一,2,1,8,獅
南一,2,1,8,追
南一,2,1,8,被
南一,2,1,8,枝
南一,2,1,8,掙
南一,2,1,8,脫
南一,2,1,8,速
南一,2,1,8,度
南一,2,1,8,直
南一,2,1,8,救
南一,2,1,8,瘦
南一,2,1,8,嚇
南一,2,1,9,赤
南一,2,1,9,國
南一,2,1,9,熱
南一,2,1,9,宮
南一,2,1,9,涼
南一,2,1,9,踩
南一,2,1,9,毯
南一,2,1,9,暖
南一,2,1,9,馬
南一,2,1,9,壞
南一,2,1,9,難
南一,2,1,9,定
南一,2,1,9,更
南一,2,1,9,隨
南一,2,1,9,主
南一,2,1,9,法
南一,2,1,9,於
南一,2,1,9,舒
南一,2,1,9,燙
南一,2,1,9,蹺
南一,2,1,10,群
南一,2,1,10,靜
南一,2,1,10,抬
南一,2,1,10,非
南一,2,1,10,趣
南一,2,1,10,近
南一,2,1,10,堆
南一,2,1,10,棉
南一,2,1,10,遠
南一,2,1,10,景
南一,2,1,10,忽
南一,2,1,10,聽
南一,2,1,10,揮
南一,2,1,10,慢
南一,2,1,10,依
南一,2,1,10,捨
南一,2,1,10,放
南一,2,1,10,假
南一,2,1,11,湯
南一,2,1,11,今
南一,2,1,11,至
南一,2,1,11,妹
南一,2,1,11,升
南一,2,1,11,陽
南一,2,1,11,因
南一,2,1,11,期
南一,2,1,11,盯
南一,2,1,11,米
南一,2,1,11,團
南一,2,1,11,粉
南一,2,1,11,南
南一,2,1,11,黃
南一,2,1,11,真
南一,2,1,11,呵
南一,2,1,11,接
南一,2,1,11,牛
南一,2,1,11,糯
南一,2,1,11,變
南一,2,1,12,野
南一,2,1,12,本
南一,2,1,12,模
南一,2,1,12,型
南一,2,1,12,蜜
南一,2,1,12,蜂
南一,2,1,12,蝴
南一,2,1,12,蝶
南一,2,1,12,飛
南一,2,1,12,活
南一,2,1,12,圖
南一,2,1,12,筆
南一,2,1,12,料
南一,2,1,12,湖
南一,2,1,12,調
南一,2,1,12,迷
南一,2,1,12,逛
南一,2,1,12,兒
南一,2,1,12,盤
南一,2,2,1,情
南一,2,2,1,候
南一,2,2,1,翠
南一,2,2,1,溜
南一,2,2,1,滑
南一,2,2,1,傳
南一,2,2,1,深
南一,2,2,1,泳
南一,2,2,1,淚
南一,2,2,1,火
南一,2,2,1,奔
南一,2,2,1,怒
南一,2,2,1,拋
南一,2,2,1,潔
南一,2,2,1,舞
南一,2,2,1,各
南一,2,2,1,同
南一,2,2,1,受
南一,2,2,1,藏
南一,2,2,2,敢
南一,2,2,2,超
南一,2,2,2,弟
南一,2,2,2,院
南一,2,2,2,正
南一,2,2,2,破
南一,2,2,2,所
南一,2,2,2,伸
南一,2,2,2,點
南一,2,2,2,重
南一,2,2,2,石
南一,2,2,2,消
南一,2,2,2,失
南一,2,2,2,合
南一,2,2,2,掉
南一,2,2,2,乾
南一,2,2,2,淨
南一,2,2,2,哥
南一,2,2,2,盆
南一,2,2,3,綿
南一,2,2,3,已
南一,2,2,3,經
南一,2,2,3,輸
南一,2,2,3,鼓
南一,2,2,3,取
南一,2,2,3,越
南一,2,2,3,竟
南一,2,2,3,飄
南一,2,2,3,抓
南一,2,2,3,啦
南一,2,2,3,喊
南一,2,2,3,踢
南一,2,2,3,結
南一,2,2,3,變
南一,2,2,3,讓
南一,2,2,3,終
南一,2,2,3,冷
南一,2,2,3,脾
南一,2,2,4,珠
南一,2,2,4,微
南一,2,2,4,醒
南一,2,2,4,甲
南一,2,2,4,瓢
南一,2,2,4,腰
南一,2,2,4,香
南一,2,2,4,掛
南一,2,2,4,閃
南一,2,2,4,晶
南一,2,2,4,串
南一,2,2,4,項
南一,2,2,4,鍊
南一,2,2,4,仙
南一,2,2,4,禮
南一,2,2,4,探
南一,2,2,4,幫
南一,2,2,4,姐
南一,2,2,4,懶
南一,2,2,4,滾
南一,2,2,5,病
南一,2,2,5,睛
南一,2,2,5,份
南一,2,2,5,牽
南一,2,2,5,步
南一,2,2,5,段
南一,2,2,5,毛
南一,2,2,5,晃
南一,2,2,5,籃
南一,2,2,5,亭
南一,2,2,5,忍
南一,2,2,5,祕
南一,2,2,5,耳
南一,2,2,5,聞
南一,2,2,5,味
南一,2,2,5,浪
南一,2,2,5,寶
南一,2,2,5,清
南一,2,2,6,封
南一,2,2,6,信
南一,2,2,6,親
南一,2,2,6,貴
南一,2,2,6,洋
南一,2,2,6,蝦
南一,2,2,6,植
南一,2,2,6,量
南一,2,2,6,汙
南一,2,2,6,染
南一,2,2,6,使
南一,2,2,6,決
南一,2,2,6,具
南一,2,2,6,資
南一,2,2,6,源
南一,2,2,6,費
南一,2,2,6,康
南一,2,2,6,復
南一,2,2,6,餐
南一,2,2,7,傘
南一,2,2,7,烏
南一,2,2,7,暗
南一,2,2,7,爺
南一,2,2,7,字
南一,2,2,7,謎
南一,2,2,7,語
南一,2,2,7,屋
南一,2,2,7,枴
南一,2,2,7,杖
南一,2,2,7,滴
南一,2,2,7,答
南一,2,2,7,叩
南一,2,2,7,嘻
南一,2,2,7,哈
南一,2,2,7,落
南一,2,2,7,街
南一,2,2,7,案
南一,2,2,7,撐
南一,2,2,8,丁
南一,2,2,8,公
南一,2,2,8,每
南一,2,2,8,認
南一,2,2,8,比
南一,2,2,8,客
南一,2,2,8,相
南一,2,2,8,興
南一,2,2,8,照
南一,2,2,8,皮
南一,2,2,8,摘
南一,2,2,8,立
南一,2,2,8,位
南一,2,2,8,新
南一,2,2,8,它
南一,2,2,8,欣
南一,2,2,8,賞
南一,2,2,8,妙
南一,2,2,8,牌
南一,2,2,9,排
南一,2,2,9,介
南一,2,2,9,紹
南一,2,2,9,其
南一,2,2,9,賣
南一,2,2,9,帽
南一,2,2,9,蛋
南一,2,2,9,糕
南一,2,2,9,扶
南一,2,2,9,買
南一,2,2,9,休
南一,2,2,9,息
南一,2,2,9,拿
南一,2,2,9,精
南一,2,2,9,采
南一,2,2,9,希
南一,2,2,9,望
南一,2,2,9,讀
南一,2,2,9,戴
南一,2,2,9,猴
南一,2,2,10,銀
南一,2,2,10,女
南一,2,2,10,願
南一,2,2,10,摸
南一,2,2,10,品
南一,2,2,10,指
南一,2,2,10,桌
南一,2,2,10,椅
南一,2,2,10,食
南一,2,2,10,年
南一,2,2,10,幼
南一,2,2,10,純
南一,2,2,10,慌
南一,2,2,10,並
南一,2,2,10,切
南一,2,2,10,狀
南一,2,2,10,明
南一,2,2,10,而
南一,2,2,10,術
南一,2,2,11,敗
南一,2,2,11,操
南一,2,2,11,旁
南一,2,2,11,脖
南一,2,2,11,瞇
南一,2,2,11,密
南一,2,2,11,件
南一,2,2,11,特
南一,2,2,11,別
南一,2,2,11,唱
南一,2,2,11,歌
南一,2,2,11,練
南一,2,2,11,習
南一,2,2,11,彈
南一,2,2,11,琴
南一,2,2,11,講
南一,2,2,11,論
南一,2,2,11,颳
南一,2,2,11,勵
南一,2,2,12,牆
南一,2,2,12,壁
南一,2,2,12,窗
南一,2,2,12,床
南一,2,2,12,鋪
南一,2,2,12,錯
南一,2,2,12,輪
南一,2,2,12,搬
南一,2,2,12,冰
南一,2,2,12,且
南一,2,2,12,交
南一,2,2,12,往
南一,2,2,12,刻
南一,2,2,12,顆
南一,2,2,12,鮮
南一,2,2,12,汁
南一,2,2,12,晨
南一,2,2,12,由
南一,2,2,12,極
南一,2,2,12,磚
南一,3,1,1,泥
南一,3,1,1,化
南一,3,1,1,雀
南一,3,1,1,輕
南一,3,1,1,羽
南一,3,1,1,衣
南一,3,1,1,脆
南一,3,1,1,髮
南一,3,1,1,處
南一,3,1,1,旅
南一,3,1,1,行
南一,3,1,1,平
南一,3,1,1,男
南一,3,1,1,朗
南一,3,1,1,足
南一,3,1,2,廊
南一,3,1,2,訂
南一,3,1,2,班
南一,3,1,2,級
南一,3,1,2,約
南一,3,1,2,紛
南一,3,1,2,持
南一,3,1,2,記
南一,3,1,2,錄
南一,3,1,2,聊
南一,3,1,2,言
南一,3,1,2,烈
南一,3,1,2,些
南一,3,1,2,提
南一,3,1,2,愁
南一,3,1,3,短
南一,3,1,3,鐘
南一,3,1,3,鬼
南一,3,1,3,鬧
南一,3,1,3,準
南一,3,1,3,朝
南一,3,1,3,蹈
南一,3,1,3,表
南一,3,1,3,暢
南一,3,1,3,無
南一,3,1,3,總
南一,3,1,3,響
南一,3,1,3,忘
南一,3,1,3,盡
南一,3,1,3,責
南一,3,1,4,指
南一,3,1,4,夕
南一,3,1,4,賽
南一,3,1,4,緊
南一,3,1,4,店
南一,3,1,4,逗
南一,3,1,4,轉
南一,3,1,4,露
南一,3,1,4,業
南一,3,1,4,專
南一,3,1,4,勝
南一,3,1,4,利
南一,3,1,4,悅
南一,3,1,4,乖
南一,3,1,4,溫
南一,3,1,5,龍
南一,3,1,5,沖
南一,3,1,5,菱
南一,3,1,5,兄
南一,3,1,5,吐
南一,3,1,5,歪
南一,3,1,5,防
南一,3,1,5,警
南一,3,1,5,鈴
南一,3,1,5,注
南一,3,1,5,員
南一,3,1,5,傷
南一,3,1,5,死
南一,3,1,5,諒
南一,3,1,5,脾
南一,3,1,6,幕
南一,3,1,6,杯
南一,3,1,6,撞
南一,3,1,6,流
南一,3,1,6,溼
南一,3,1,6,透
南一,3,1,6,雙
南一,3,1,6,胸
南一,3,1,6,負
南一,3,1,6,慌
南一,3,1,6,逃
南一,3,1,6,辦
南一,3,1,6,題
南一,3,1,6,灰
南一,3,1,6,剪
南一,3,1,7,背
南一,3,1,7,斑
南一,3,1,7,皺
南一,3,1,7,懂
南一,3,1,7,凡
南一,3,1,7,梳
南一,3,1,7,夾
南一,3,1,7,藏
南一,3,1,7,捏
南一,3,1,7,摺
南一,3,1,7,仔
南一,3,1,7,藝
南一,3,1,7,術
南一,3,1,7,雖
南一,3,1,7,創
南一,3,1,8,魔
南一,3,1,8,圍
南一,3,1,8,巾
南一,3,1,8,視
南一,3,1,8,框
南一,3,1,8,誤
南一,3,1,8,愉
南一,3,1,8,數
南一,3,1,8,桶
南一,3,1,8,刀
南一,3,1,8,曾
南一,3,1,8,機
南一,3,1,8,解
南一,3,1,8,鏡
南一,3,1,8,齊
南一,3,1,9,醫
南一,3,1,9,穿
南一,3,1,9,袍
南一,3,1,9,戴
南一,3,1,9,筒
南一,3,1,9,啄
南一,3,1,9,備
南一,3,1,9,幹
南一,3,1,9,敲
南一,3,1,9,毒
南一,3,1,9,體
南一,3,1,9,淘
南一,3,1,9,蘋
南一,3,1,9,般
南一,3,1,9,藥
南一,3,1,10,極
南一,3,1,10,熊
南一,3,1,10,雪
南一,3,1,10,腦
南一,3,1,10,實
南一,3,1,10,根
南一,3,1,10,反
南一,3,1,10,射
南一,3,1,10,膚
南一,3,1,10,豬
南一,3,1,10,呆
南一,3,1,10,印
南一,3,1,10,象
南一,3,1,10,憶
南一,3,1,10,滾
南一,3,1,11,額
南一,3,1,11,虎
南一,3,1,11,貓
南一,3,1,11,臺
南一,3,1,11,灣
南一,3,1,11,獨
南一,3,1,11,萬
南一,3,1,11,祖
南一,3,1,11,蛙
南一,3,1,11,捉
南一,3,1,11,類
南一,3,1,11,占
南一,3,1,11,雞
南一,3,1,11,肉
南一,3,1,11,威
南一,3,1,12,昆
南一,3,1,12,攻
南一,3,1,12,擊
南一,3,1,12,演
南一,3,1,12,保
南一,3,1,12,命
南一,3,1,12,翅
南一,3,1,12,敵
南一,3,1,12,周
南一,3,1,12,竹
南一,3,1,12,節
南一,3,1,12,逼
南一,3,1,12,技
南一,3,1,12,退
南一,3,1,12,屁
南一,3,2,1,撐
南一,3,2,1,首
南一,3,2,1,符
南一,3,2,1,膀
南一,3,2,1,鼻
南一,3,2,1,環
南一,3,2,1,搗
南一,3,2,1,亂
南一,3,2,1,恐
南一,3,2,1,尖
南一,3,2,1,嘴
南一,3,2,1,吼
南一,3,2,2,鐵
南一,3,2,2,碗
南一,3,2,2,另
南一,3,2,2,彎
南一,3,2,2,鉤
南一,3,2,2,推
南一,3,2,2,羨
南一,3,2,2,慕
南一,3,2,2,娃
南一,3,2,2,捲
南一,3,2,2,躺
南一,3,2,2,裙
南一,3,2,2,擺
南一,3,2,2,參
南一,3,2,2,容
南一,3,2,3,炎
南一,3,2,3,玉
南一,3,2,3,凍
南一,3,2,3,薄
南一,3,2,3,暑
南一,3,2,3,品
南一,3,2,3,籽
南一,3,2,3,晒
南一,3,2,3,摸
南一,3,2,3,刺
南一,3,2,3,器
南一,3,2,3,袋
南一,3,2,3,綁
南一,3,2,3,搓
南一,3,2,3,糖
南一,3,2,4,名
南一,3,2,4,丞
南一,3,2,4,曹
南一,3,2,4,楊
南一,3,2,4,修
南一,3,2,4,智
南一,3,2,4,應
南一,3,2,4,官
南一,3,2,4,府
南一,3,2,4,差
南一,3,2,4,思
南一,3,2,4,報
南一,3,2,4,闊
南一,3,2,4,酪
南一,3,2,4,驚
南一,3,2,5,鞠
南一,3,2,5,躬
南一,3,2,5,弄
南一,3,2,5,文
南一,3,2,5,厲
南一,3,2,5,鬥
南一,3,2,5,千
南一,3,2,5,普
南一,3,2,5,睜
南一,3,2,5,閉
南一,3,2,5,錢
南一,3,2,5,偏
南一,3,2,5,察
南一,3,2,5,偷
南一,3,2,5,胡
南一,3,2,6,村
南一,3,2,6,猴
南一,3,2,6,抖
南一,3,2,6,造
南一,3,2,6,助
南一,3,2,6,展
南一,3,2,6,簧
南一,3,2,6,摔
南一,3,2,6,巨
南一,3,2,6,引
南一,3,2,6,觀
南一,3,2,6,咦
南一,3,2,6,松
南一,3,2,6,鼠
南一,3,2,6,混
南一,3,2,7,盤
南一,3,2,7,擠
南一,3,2,7,燦
南一,3,2,7,爛
南一,3,2,7,鹽
南一,3,2,7,耙
南一,3,2,7,攪
南一,3,2,7,抹
南一,3,2,7,塔
南一,3,2,7,棋
南一,3,2,7,幢
南一,3,2,7,堂
南一,3,2,7,雕
南一,3,2,7,霞
南一,3,2,7,霄
南一,3,2,8,叔
南一,3,2,8,潛
南一,3,2,8,島
南一,3,2,8,浮
南一,3,2,8,珊
南一,3,2,8,瑚
南一,3,2,8,船
南一,3,2,8,航
南一,3,2,8,母
南一,3,2,8,丑
南一,3,2,8,寬
南一,3,2,8,岸
南一,3,2,8,郵
南一,3,2,8,寄
南一,3,2,8,底
南一,3,2,9,峽
南一,3,2,9,隧
南一,3,2,9,古
南一,3,2,9,窄
南一,3,2,9,磚
南一,3,2,9,拱
南一,3,2,9,騎
南一,3,2,9,樓
南一,3,2,9,燈
南一,3,2,9,籠
南一,3,2,9,治
南一,3,2,9,示
南一,3,2,9,施
南一,3,2,9,獎
南一,3,2,9,傻
南一,3,2,10,鹹
南一,3,2,10,之
南一,3,2,10,川
南一,3,2,10,蒸
南一,3,2,10,降
南一,3,2,10,令
南一,3,2,10,凝
南一,3,2,10,刷
南一,3,2,10,岩
南一,3,2,10,將
南一,3,2,10,或
南一,3,2,10,雜
南一,3,2,10,質
南一,3,2,10,積
南一,3,2,10,累
南一,3,2,11,枯
南一,3,2,11,孤
南一,3,2,11,零
南一,3,2,11,義
南一,3,2,11,柴
南一,3,2,11,代
南一,3,2,11,適
南一,3,2,11,洞
南一,3,2,11,築
南一,3,2,11,巢
南一,3,2,11,菇
南一,3,2,11,腐
南一,3,2,11,沉
南一,3,2,11,斷
南一,3,2,11,僅
南一,3,2,12,淋
南一,3,2,12,遮
南一,3,2,12,易
南一,3,2,12,側
南一,3,2,12,吞
南一,3,2,12,旗
南一,3,2,12,砂
南一,3,2,12,砌
南一,3,2,12,館
南一,3,2,12,建
南一,3,2,12,華
南一,3,2,12,社
南一,3,2,12,區
南一,3,2,12,擋
南一,3,2,12,商
南一,4,1,1,戶
南一,4,1,1,漫
南一,4,1,1,季
南一,4,1,1,素
南一,4,1,1,嫩
南一,4,1,1,繁
南一,4,1,1,墨
南一,4,1,1,姿
南一,4,1,1,簇
南一,4,1,1,週
南一,4,1,1,淡
南一,4,1,1,穫
南一,4,1,1,迎
南一,4,1,1,幅
南一,4,1,1,伴
南一,4,1,2,汽
南一,4,1,2,煮
南一,4,1,2,骨
南一,4,1,2,粥
南一,4,1,2,燙
南一,4,1,2,換
南一,4,1,2,即
南一,4,1,2,菜
南一,4,1,2,齒
南一,4,1,2,餐
南一,4,1,2,矯
南一,4,1,2,餓
南一,4,1,2,彷
南一,4,1,2,彿
南一,4,1,2,濃
南一,4,1,3,蓮
南一,4,1,3,式
南一,4,1,3,士
南一,4,1,3,拆
南一,4,1,3,民
南一,4,1,3,志
南一,4,1,3,酸
南一,4,1,3,辣
南一,4,1,3,存
南一,4,1,3,靠
南一,4,1,3,獲
南一,4,1,3,態
南一,4,1,3,與
南一,4,1,3,支
南一,4,1,3,未
南一,4,1,4,淺
南一,4,1,4,搧
南一,4,1,4,針
南一,4,1,4,縫
南一,4,1,4,嶼
南一,4,1,4,峰
南一,4,1,4,領
南一,4,1,4,拂
南一,4,1,4,頑
南一,4,1,4,奏
南一,4,1,4,曲
南一,4,1,4,溪
南一,4,1,4,聆
南一,4,1,4,翻
南一,4,1,5,困
南一,4,1,5,舉
南一,4,1,5,挑
南一,4,1,5,戰
南一,4,1,5,爭
南一,4,1,5,佩
南一,4,1,5,斤
南一,4,1,5,紀
南一,4,1,5,震
南一,4,1,5,竭
南一,4,1,5,棄
南一,4,1,5,程
南一,4,1,5,捐
南一,4,1,5,驕
南一,4,1,5,傲
南一,4,1,6,尺
南一,4,1,6,亞
南一,4,1,6,洲
南一,4,1,6,鋼
南一,4,1,6,跨
南一,4,1,6,護
南一,4,1,6,層
南一,4,1,6,鈔
南一,4,1,6,仍
南一,4,1,6,標
南一,4,1,6,融
南一,4,1,6,仰
南一,4,1,6,內
南一,4,1,6,俯
南一,4,1,6,煙
南一,4,1,7,育
南一,4,1,7,晴
南一,4,1,7,陶
南一,4,1,7,目
南一,4,1,7,芒
南一,4,1,7,返
南一,4,1,7,劇
南一,4,1,7,斗
南一,4,1,7,索
南一,4,1,7,禁
南一,4,1,7,渡
南一,4,1,7,念
南一,4,1,7,麵
南一,4,1,7,統
南一,4,1,7,值
南一,4,1,8,陣
南一,4,1,8,披
南一,4,1,8,嚇
南一,4,1,8,眶
南一,4,1,8,乘
南一,4,1,8,龐
南一,4,1,8,絲
南一,4,1,8,板
南一,4,1,8,辮
南一,4,1,8,踮
南一,4,1,8,挺
南一,4,1,8,散
南一,4,1,8,里
南一,4,1,9,促
南一,4,1,9,振
南一,4,1,9,碎
南一,4,1,9,者
南一,4,1,9,偶
南一,4,1,9,褐
南一,4,1,9,巧
南一,4,1,9,塑
南一,4,1,9,凶
南一,4,1,9,繞
南一,4,1,9,衝
南一,4,1,9,雷
南一,4,1,9,牌
南一,4,1,9,豐
南一,4,1,9,擾
南一,4,1,10,妞
南一,4,1,10,郎
南一,4,1,10,丈
南一,4,1,10,哄
南一,4,1,10,眾
南一,4,1,10,羞
南一,4,1,10,強
南一,4,1,10,嫁
南一,4,1,10,架
南一,4,1,10,初
南一,4,1,10,丟
南一,4,1,10,既
南一,4,1,10,轎
南一,4,1,10,隊
南一,4,1,10,伍
南一,4,1,11,婆
南一,4,1,11,頰
南一,4,1,11,陰
南一,4,1,11,血
南一,4,1,11,哀
南一,4,1,11,嘗
南一,4,1,11,蓆
南一,4,1,11,栗
南一,4,1,11,橫
南一,4,1,11,蟹
南一,4,1,11,缸
南一,4,1,11,漆
南一,4,1,11,黏
南一,4,1,11,痛
南一,4,1,11,拚
南一,4,1,12,貧
南一,4,1,12,妻
南一,4,1,12,茫
南一,4,1,12,算
南一,4,1,12,祈
南一,4,1,12,繼
南一,4,1,12,續
南一,4,1,12,宜
南一,4,1,12,耐
南一,4,1,12,離
南一,4,1,12,傍
南一,4,1,12,隱
南一,4,1,12,託
南一,4,1,12,納
南一,4,1,12,漸
南一,4,2,1,慶
南一,4,2,1,懷
南一,4,2,1,祥
南一,4,2,1,儀
南一,4,2,1,序
南一,4,2,1,毫
南一,4,2,1,挨
南一,4,2,1,吉
南一,4,2,1,潮
南一,4,2,1,炸
南一,4,2,1,旺
南一,4,2,1,爆
南一,4,2,1,梭
南一,4,2,1,徵
南一,4,2,1,揚
南一,4,2,2,驗
南一,4,2,2,拳
南一,4,2,2,谷
南一,4,2,2,扮
南一,4,2,2,勢
南一,4,2,2,芳
南一,4,2,2,則
南一,4,2,2,搭
南一,4,2,2,配
南一,4,2,2,達
南一,4,2,2,製
南一,4,2,2,效
南一,4,2,2,兵
南一,4,2,2,優
南一,4,2,2,需
南一,4,2,3,甩
南一,4,2,3,褲
南一,4,2,3,童
南一,4,2,3,贏
南一,4,2,3,識
南一,4,2,3,族
南一,4,2,3,尤
南一,4,2,3,勵
南一,4,2,3,飾
南一,4,2,3,甚
南一,4,2,3,顧
南一,4,2,3,慮
南一,4,2,3,肯
南一,4,2,3,邀
南一,4,2,3,豪
南一,4,2,4,蛹
南一,4,2,4,蟻
南一,4,2,4,移
南一,4,2,4,蛻
南一,4,2,4,煉
南一,4,2,4,絕
南一,4,2,4,曉
南一,4,2,4,殼
南一,4,2,4,奮
南一,4,2,4,晾
南一,4,2,4,翩
南一,4,2,5,健
南一,4,2,5,肢
南一,4,2,5,激
南一,4,2,5,蹦
南一,4,2,5,父
南一,4,2,5,扎
南一,4,2,5,弓
南一,4,2,5,異
南一,4,2,5,喪
南一,4,2,5,豚
南一,4,2,5,嘆
南一,4,2,5,執
南一,4,2,5,限
南一,4,2,5,蹟
南一,4,2,6,裂
南一,4,2,6,通
南一,4,2,6,付
南一,4,2,6,關
南一,4,2,6,糊
南一,4,2,6,坦
南一,4,2,6,危
南一,4,2,6,吊
南一,4,2,6,壯
南一,4,2,6,膽
南一,4,2,6,腿
南一,4,2,6,軟
南一,4,2,6,扛
南一,4,2,6,晰
南一,4,2,6,懼
南一,4,2,7,瓣
南一,4,2,7,絹
南一,4,2,7,束
南一,4,2,7,莖
南一,4,2,7,政
南一,4,2,7,議
南一,4,2,7,致
南一,4,2,7,橙
南一,4,2,7,昏
南一,4,2,7,凋
南一,4,2,7,憂
南一,4,2,7,雅
南一,4,2,7,茶
南一,4,2,7,跪
南一,4,2,7,誠
南一,4,2,8,吵
南一,4,2,8,歲
南一,4,2,8,慰
南一,4,2,8,制
南一,4,2,8,必
南一,4,2,8,須
南一,4,2,8,煤
南一,4,2,8,瑩
南一,4,2,8,養
南一,4,2,8,替
南一,4,2,8,疼
南一,4,2,8,箱
南一,4,2,8,撒
南一,4,2,8,嬌
南一,4,2,8,善
南一,4,2,9,泊
南一,4,2,9,拔
南一,4,2,9,澈
南一,4,2,9,湛
南一,4,2,9,夢
南一,4,2,9,幻
南一,4,2,9,永
南一,4,2,9,登
南一,4,2,9,踏
南一,4,2,9,填
南一,4,2,9,喚
南一,4,2,9,折
南一,4,2,9,浹
南一,4,2,9,喘
南一,4,2,9,隔
南一,4,2,10,慧
南一,4,2,10,燃
南一,4,2,10,誕
南一,4,2,10,啟
南一,4,2,10,境
南一,4,2,10,考
南一,4,2,10,材
南一,4,2,10,攜
南一,4,2,10,聯
南一,4,2,10,絡
南一,4,2,10,彼
南一,4,2,10,網
南一,4,2,10,計
南一,4,2,10,鍵
南一,4,2,11,譜
南一,4,2,11,欄
南一,4,2,11,煎
南一,4,2,11,廚
南一,4,2,11,尋
南一,4,2,11,靈
南一,4,2,11,縮
南一,4,2,11,組
南一,4,2,11,匠
南一,4,2,11,蔭
南一,4,2,11,悠
南一,4,2,11,構
南一,4,2,11,集
南一,4,2,11,改
南一,4,2,12,巫
南一,4,2,12,衰
南一,4,2,12,判
南一,4,2,12,旱
南一,4,2,12,導
南一,4,2,12,災
南一,4,2,12,疊
南一,4,2,12,陷
南一,4,2,12,弱
南一,4,2,12,端
南一,4,2,12,魂
南一,4,2,12,聚
南一,4,2,12,順
南一,4,2,12,寧
南一,4,2,12,詳
南一,5,1,1,灘
南一,5,1,1,某
南一,5,1,1,邁
南一,5,1,1,拖
南一,5,1,1,疲
南一,5,1,1,擁
南一,5,1,1,灌
南一,5,1,1,倦
南一,5,1,1,恩
南一,5,1,1,遇
南一,5,1,1,擦
南一,5,1,1,痕
南一,5,1,1,賠
南一,5,1,1,償
南一,5,1,1,焦
南一,5,1,1,謹
南一,5,1,1,慎
南一,5,1,1,較
南一,5,1,2,傅
南一,5,1,2,釘
南一,5,1,2,延
南一,5,1,2,遞
南一,5,1,2,富
南一,5,1,2,穩
南一,5,1,2,按
南一,5,1,2,熟
南一,5,1,2,確
南一,5,1,2,掃
南一,5,1,2,務
南一,5,1,2,讚
南一,5,1,2,碑
南一,5,1,2,績
南一,5,1,2,障
南一,5,1,2,率
南一,5,1,2,涵
南一,5,1,2,預
南一,5,1,3,評
南一,5,1,3,性
南一,5,1,3,似
南一,5,1,3,卷
南一,5,1,3,楚
南一,5,1,3,綵
南一,5,1,3,橡
南一,5,1,3,塗
南一,5,1,3,拼
南一,5,1,3,眉
南一,5,1,3,秀
南一,5,1,3,妒
南一,5,1,3,忌
南一,5,1,3,屏
南一,5,1,3,惜
南一,5,1,3,慈
南一,5,1,3,慚
南一,5,1,3,愧
南一,5,1,4,乳
南一,5,1,4,渲
南一,5,1,4,臭
南一,5,1,4,滲
南一,5,1,4,漿
南一,5,1,4,泉
南一,5,1,4,產
南一,5,1,4,質
南一,5,1,4,囪
南一,5,1,4,列
南一,5,1,4,羅
南一,5,1,4,耀
南一,5,1,4,螢
南一,5,1,4,眩
南一,5,1,4,係
南一,5,1,4,漲
南一,5,1,4,殊
南一,5,1,4,呈
南一,5,1,4,貌
南一,5,1,5,駛
南一,5,1,5,陡
南一,5,1,5,峭
南一,5,1,5,蕾
南一,5,1,5,崖
南一,5,1,5,躍
南一,5,1,5,凹
南一,5,1,5,凸
南一,5,1,5,坑
南一,5,1,5,斧
南一,5,1,5,雄
南一,5,1,5,偉
南一,5,1,5,臨
南一,5,1,5,縱
南一,5,1,5,稻
南一,5,1,5,澄
南一,5,1,5,曳
南一,5,1,5,醉
南一,5,1,6,綻
南一,5,1,6,暇
南一,5,1,6,螃
南一,5,1,6,乎
南一,5,1,6,召
南一,5,1,6,溝
南一,5,1,6,緩
南一,5,1,6,蹲
南一,5,1,6,腹
南一,5,1,6,浸
南一,5,1,6,陸
南一,5,1,6,殖
南一,5,1,6,愈
南一,5,1,6,悲
南一,5,1,6,顯
南一,5,1,6,阻
南一,5,1,6,孵
南一,5,1,6,歷
南一,5,1,7,設
南一,5,1,7,弧
南一,5,1,7,杆
南一,5,1,7,棟
南一,5,1,7,磁
南一,5,1,7,鱗
南一,5,1,7,薑
南一,5,1,7,霜
南一,5,1,7,爪
南一,5,1,7,聖
南一,5,1,7,際
南一,5,1,7,瞪
南一,5,1,7,繪
南一,5,1,7,玻
南一,5,1,7,璃
南一,5,1,7,遺
南一,5,1,7,投
南一,5,1,7,堅
南一,5,1,8,鄉
南一,5,1,8,撲
南一,5,1,8,螺
南一,5,1,8,鮭
南一,5,1,8,葵
南一,5,1,8,稠
南一,5,1,8,柔
南一,5,1,8,旋
南一,5,1,8,律
南一,5,1,8,麥
南一,5,1,8,噓
南一,5,1,8,硬
南一,5,1,8,扁
南一,5,1,8,抗
南一,5,1,8,筋
南一,5,1,8,椒
南一,5,1,8,蒜
南一,5,1,8,漢
南一,5,1,8,蓋
南一,5,1,9,股
南一,5,1,9,藉
南一,5,1,9,訪
南一,5,1,9,購
南一,5,1,9,票
南一,5,1,9,售
南一,5,1,9,協
南一,5,1,9,譯
南一,5,1,9,局
南一,5,1,9,亡
南一,5,1,9,款
南一,5,1,9,挖
南一,5,1,9,賺
南一,5,1,9,雜
南一,5,1,9,鄰
南一,5,1,9,幣
南一,5,1,9,夠
南一,5,1,9,基
南一,5,1,9,諸
南一,5,1,10,閒
南一,5,1,10,罵
南一,5,1,10,究
南一,5,1,10,營
南一,5,1,10,擔
南一,5,1,10,彆
南一,5,1,10,扭
南一,5,1,10,規
南一,5,1,10,勸
南一,5,1,10,仇
南一,5,1,10,討
南一,5,1,10,郊
南一,5,1,10,鍋
南一,5,1,10,繫
南一,5,1,10,互
南一,5,1,10,誼
南一,5,1,10,畢
南一,5,1,10,訊
南一,5,1,10,磊
南一,5,1,11,瀑
南一,5,1,11,垂
南一,5,1,11,財
南一,5,1,11,炫
南一,5,1,11,黯
南一,5,1,11,錶
南一,5,1,11,衛
南一,5,1,11,鬍
南一,5,1,11,盈
南一,5,1,11,逝
南一,5,1,11,貨
南一,5,1,11,司
南一,5,1,11,禱
南一,5,1,11,帝
南一,5,1,11,訝
南一,5,1,11,恍
南一,5,1,11,悟
南一,5,1,11,昂
南一,5,1,12,鳴
南一,5,1,12,澗
南一,5,1,12,桂
南一,5,1,12,幽
南一,5,1,12,繚
南一,5,1,12,詩
南一,5,1,12,描
南一,5,1,12,煩
南一,5,1,12,敏
南一,5,1,12,銳
南一,5,1,12,城
南一,5,1,12,辭
南一,5,1,12,猿
南一,5,1,12,啼
南一,5,1,12,舟
南一,5,1,12,赦
南一,5,1,12,歸
南一,5,1,12,箭
南一,5,2,1,廳
南一,5,2,1,盞
南一,5,2,1,灑
南一,5,2,1,壺
南一,5,2,1,菊
南一,5,2,1,閱
南一,5,2,1,附
南一,5,2,1,眸
南一,5,2,1,戀
南一,5,2,1,飲
南一,5,2,1,氛
南一,5,2,1,闔
南一,5,2,1,籤
南一,5,2,1,溶
南一,5,2,1,咖
南一,5,2,1,啡
南一,5,2,1,券
南一,5,2,1,粹
南一,5,2,2,席
南一,5,2,2,徐
南一,5,2,2,掌
南一,5,2,2,映
南一,5,2,2,冠
南一,5,2,2,軍
南一,5,2,2,逆
南一,5,2,2,盲
南一,5,2,2,扇
南一,5,2,2,遭
南一,5,2,2,盆
南一,5,2,2,階
南一,5,2,2,鑽
南一,5,2,2,轟
南一,5,2,2,隆
南一,5,2,2,途
南一,5,2,2,鑑
南一,5,2,2,繽
南一,5,2,3,嬤
南一,5,2,3,霧
南一,5,2,3,吻
南一,5,2,3,株
南一,5,2,3,芭
南一,5,2,3,紫
南一,5,2,3,橘
南一,5,2,3,趴
南一,5,2,3,駐
南一,5,2,3,巡
南一,5,2,3,闖
南一,5,2,3,嚴
南一,5,2,3,庫
南一,5,2,3,澀
南一,5,2,3,餘
南一,5,2,3,瞥
南一,5,2,3,狂
南一,5,2,3,歉
南一,5,2,4,闆
南一,5,2,4,販
南一,5,2,4,攤
南一,5,2,4,賊
南一,5,2,4,冤
南一,5,2,4,枉
南一,5,2,4,辨
南一,5,2,4,惡
南一,5,2,4,武
南一,5,2,4,嫌
南一,5,2,4,疑
南一,5,2,4,押
南一,5,2,4,審
南一,5,2,4,罰
南一,5,2,4,沾
南一,5,2,4,貪
南一,5,2,4,饒
南一,5,2,4,謀
南一,5,2,5,俗
南一,5,2,5,良
南一,5,2,5,寒
南一,5,2,5,燎
南一,5,2,5,瓦
南一,5,2,5,焚
南一,5,2,5,鬆
南一,5,2,5,默
南一,5,2,5,批
南一,5,2,5,啞
南一,5,2,5,增
南一,5,2,5,禍
南一,5,2,5,逞
南一,5,2,5,舌
南一,5,2,5,鋒
南一,5,2,5,若
南一,5,2,5,距
南一,5,2,5,倘
南一,5,2,6,版
南一,5,2,6,姨
南一,5,2,6,勤
南一,5,2,6,儉
南一,5,2,6,繩
南一,5,2,6,廢
南一,5,2,6,攔
南一,5,2,6,蔬
南一,5,2,6,稱
南一,5,2,6,市
南一,5,2,6,慣
南一,5,2,6,鞋
南一,5,2,6,馨
南一,5,2,6,喻
南一,5,2,6,缺
南一,5,2,6,刃
南一,5,2,6,窮
南一,5,2,6,頓
南一,5,2,7,徑
南一,5,2,7,渾
南一,5,2,7,痱
南一,5,2,7,魁
南一,5,2,7,梧
南一,5,2,7,眠
南一,5,2,7,枚
南一,5,2,7,絢
南一,5,2,7,湊
南一,5,2,7,癢
南一,5,2,7,任
南一,5,2,7,何
南一,5,2,7,概
南一,5,2,7,爾
南一,5,2,8,盒
南一,5,2,8,瞌
南一,5,2,8,癟
南一,5,2,8,嚼
南一,5,2,8,剎
南一,5,2,8,礦
南一,5,2,8,澆
南一,5,2,8,螞
南一,5,2,8,怯
南一,5,2,8,孫
南一,5,2,8,喂
南一,5,2,8,遲
南一,5,2,8,穴
南一,5,2,8,聰
南一,5,2,8,孝
南一,5,2,8,釋
南一,5,2,8,塞
南一,5,2,8,銅
南一,5,2,9,謐
南一,5,2,9,乍
南一,5,2,9,惑
南一,5,2,9,搜
南一,5,2,9,瀏
南一,5,2,9,覽
南一,5,2,9,拜
南一,5,2,9,磨
南一,5,2,9,療
南一,5,2,9,癒
南一,5,2,9,職
南一,5,2,9,證
南一,5,2,9,核
南一,5,2,9,詢
南一,5,2,9,況
南一,5,2,9,症
南一,5,2,9,裁
南一,5,2,9,誇
南一,5,2,10,絮
南一,5,2,10,斜
南一,5,2,10,傑
南一,5,2,10,滔
南一,5,2,10,廣
南一,5,2,10,漠
南一,5,2,10,燥
南一,5,2,10,博
南一,5,2,10,織
南一,5,2,10,史
南一,5,2,10,辰
南一,5,2,10,曆
南一,5,2,10,址
南一,5,2,10,擎
南一,5,2,10,狗
南一,5,2,10,渺
南一,5,2,10,膜
南一,5,2,10,佳
南一,5,2,11,秦
南一,5,2,11,俑
南一,5,2,11,皇
南一,5,2,11,君
南一,5,2,11,耗
南一,5,2,11,陵
南一,5,2,11,墓
南一,5,2,11,掘
南一,5,2,11,葬
南一,5,2,11,含
南一,5,2,11,栩
南一,5,2,11,單
南一,5,2,11,煥
南一,5,2,11,堪
南一,5,2,11,巔
南一,5,2,11,撼
南一,5,2,11,研
南一,5,2,11,價
南一,5,2,12,瞰
南一,5,2,12,埃
南一,5,2,12,蘊
南一,5,2,12,割
南一,5,2,12,編
南一,5,2,12,橇
南一,5,2,12,潤
南一,5,2,12,劑
南一,5,2,12,摩
南一,5,2,12,號
南一,5,2,12,據
南一,5,2,12,測
南一,5,2,12,礫
南一,5,2,12,妥
南一,5,2,12,脂
南一,5,2,12,裹
南一,5,2,12,諺
南一,5,2,12,矗
南一,6,1,1,爽
南一,6,1,1,塵
南一,6,1,1,垢
南一,6,1,1,鳳
南一,6,1,1,頁
南一,6,1,1,曝
南一,6,1,1,跡
南一,6,1,1,暈
南一,6,1,1,涉
南一,6,1,1,霾
南一,6,1,2,編
南一,6,1,2,絨
南一,6,1,2,茂
南一,6,1,2,藤
南一,6,1,2,蔓
南一,6,1,2,添
南一,6,1,2,瀉
南一,6,1,2,舒
南一,6,1,2,抓
南一,6,1,2,悉
南一,6,1,2,隙
南一,6,1,2,鬆
南一,6,1,2,櫃
南一,6,1,2,稿
南一,6,1,2,顫
南一,6,1,2,暮
南一,6,1,2,肩
南一,6,1,2,咂
南一,6,1,2,賴
南一,6,1,3,酒
南一,6,1,3,醅
南一,6,1,3,籬
南一,6,1,3,簡
南一,6,1,3,笆
南一,6,1,3,陋
南一,6,1,3,陳
南一,6,1,3,濾
南一,6,1,3,潺
南一,6,1,3,舍
南一,6,1,3,皆
南一,6,1,3,緣
南一,6,1,3,蓬
南一,6,1,3,飧
南一,6,1,3,兼
南一,6,1,3,樽
南一,6,1,3,舊
南一,6,1,3,鎮
南一,6,1,3,寂
南一,6,1,4,衫
南一,6,1,4,襯
南一,6,1,4,唯
南一,6,1,4,吶
南一,6,1,4,肌
南一,6,1,4,沸
南一,6,1,4,騰
南一,6,1,4,握
南一,6,1,4,抵
南一,6,1,4,搞
南一,6,1,4,摟
南一,6,1,4,兀
南一,6,1,4,勺
南一,6,1,4,置
南一,6,1,4,頒
南一,6,1,4,屬
南一,6,1,4,榮
南一,6,1,4,黝
南一,6,1,4,惹
南一,6,1,5,益
南一,6,1,5,監
南一,6,1,5,避
南一,6,1,5,迅
南一,6,1,5,滅
南一,6,1,5,液
南一,6,1,5,載
南一,6,1,5,援
南一,6,1,5,承
南一,6,1,5,攝
南一,6,1,5,撈
南一,6,1,5,副
南一,6,1,5,噪
南一,6,1,5,燒
南一,6,1,5,蝕
南一,6,1,5,觸
南一,6,1,5,陌
南一,6,1,5,檔
南一,6,1,5,註
南一,6,1,6,艇
南一,6,1,6,艙
南一,6,1,6,宇
南一,6,1,6,宙
南一,6,1,6,朽
南一,6,1,6,栽
南一,6,1,6,械
南一,6,1,6,誌
南一,6,1,6,訓
南一,6,1,6,劃
南一,6,1,6,荒
南一,6,1,6,垠
南一,6,1,6,系
南一,6,1,6,駕
南一,6,1,6,凌
南一,6,1,6,隕
南一,6,1,6,奪
南一,6,1,6,億
南一,6,1,6,征
南一,6,1,7,抉
南一,6,1,7,擇
南一,6,1,7,抽
南一,6,1,7,搔
南一,6,1,7,跆
南一,6,1,7,蹣
南一,6,1,7,跚
南一,6,1,7,苞
南一,6,1,7,芽
南一,6,1,7,犧
南一,6,1,7,牲
南一,6,1,7,勞
南一,6,1,7,叢
南一,6,1,7,履
南一,6,1,7,灶
南一,6,1,7,壤
南一,6,1,7,衡
南一,6,1,7,維
南一,6,1,8,怨
南一,6,1,8,惱
南一,6,1,8,臂
南一,6,1,8,膝
南一,6,1,8,艾
南一,6,1,8,枕
南一,6,1,8,跌
南一,6,1,8,焰
南一,6,1,8,熄
南一,6,1,8,熾
南一,6,1,8,炭
南一,6,1,8,鬚
南一,6,1,8,剝
南一,6,1,8,竄
南一,6,1,8,瞬
南一,6,1,8,頹
南一,6,1,8,飢
南一,6,1,8,裊
南一,6,1,8,緒
南一,6,1,9,召
南一,6,1,9,否
南一,6,1,9,簸
南一,6,1,9,策
南一,6,1,9,江
南一,6,1,9,瀰
南一,6,1,9,懸
南一,6,1,9,寡
南一,6,1,9,勃
南一,6,1,9,棍
南一,6,1,9,糧
南一,6,1,9,顛
南一,6,1,9,獻
南一,6,1,9,艘
南一,6,1,9,鎖
南一,6,1,9,欠
南一,6,1,9,倉
南一,6,1,9,鞏
南一,6,1,9,鼎
南一,6,1,10,傾
南一,6,1,10,俐
南一,6,1,10,蕩
南一,6,1,10,莫
南一,6,1,10,鉅
南一,6,1,10,鑼
南一,6,1,10,亦
南一,6,1,10,頃
南一,6,1,10,猶
南一,6,1,10,墊
南一,6,1,10,舀
南一,6,1,10,複
南一,6,1,10,勾
南一,6,1,10,篇
南一,6,1,10,靡
南一,6,1,10,嘖
南一,6,1,10,述
南一,6,1,10,詫
南一,6,1,11,涕
南一,6,1,11,泛
南一,6,1,11,枇
南一,6,1,11,杷
南一,6,1,11,斥
南一,6,1,11,肅
南一,6,1,11,遍
南一,6,1,11,玄
南一,6,1,11,痘
南一,6,1,11,腫
南一,6,1,11,敷
南一,6,1,11,央
南一,6,1,11,瞞
南一,6,1,11,庭
南一,6,1,11,徽
南一,6,1,11,袖
南一,6,1,11,擤
南一,6,1,11,鎂
南一,6,1,12,拮
南一,6,1,12,据
南一,6,1,12,抄
南一,6,1,12,撫
南一,6,1,12,憊
南一,6,1,12,懊
南一,6,1,12,悔
南一,6,1,12,咳
南一,6,1,12,啜
南一,6,1,12,吁
南一,6,1,12,躡
南一,6,1,12,仿
南一,6,1,12,昨
南一,6,1,12,辯
南一,6,1,12,熬
南一,6,1,12,瘦
南一,6,1,12,徒
南一,6,1,12,泣
南一,6,1,12,酣
南一,6,2,1,矛
南一,6,2,1,盾
南一,6,2,1,娛
南一,6,2,1,帥
南一,6,2,1,跤
南一,6,2,1,厚
南一,6,2,1,供
南一,6,2,1,諄
南一,6,2,1,誨
南一,6,2,1,竅
南一,6,2,1,嘯
南一,6,2,1,叮
南一,6,2,1,嚀
南一,6,2,1,廟
南一,6,2,1,尿
南一,6,2,1,煞
南一,6,2,1,霎
南一,6,2,1,疤
南一,6,2,1,臊
南一,6,2,2,獵
南一,6,2,2,尚
南一,6,2,2,括
南一,6,2,2,糞
南一,6,2,2,寮
南一,6,2,2,狩
南一,6,2,2,迫
南一,6,2,2,脅
南一,6,2,2,殺
南一,6,2,2,遵
南一,6,2,2,骸
南一,6,2,2,窩
南一,6,2,2,杉
南一,6,2,2,翼
南一,6,2,2,奄
南一,6,2,2,黎
南一,6,2,2,喉
南一,6,2,2,嚨
南一,6,2,2,吟
南一,6,2,3,梁
南一,6,2,3,氏
南一,6,2,3,詣
南一,6,2,3,乃
南一,6,2,3,梅
南一,6,2,3,曰
南一,6,2,3,禽
南一,6,2,3,姓
南一,6,2,3,尊
南一,6,2,3,選
南一,6,2,3,軼
南一,6,2,3,膾
南一,6,2,3,炙
南一,6,2,3,典
南一,6,2,3,寓
南一,6,2,3,邏
南一,6,2,3,輯
南一,6,2,3,例
南一,6,2,3,捷
南一,6,2,4,蜿
南一,6,2,4,蜒
南一,6,2,4,荊
南一,6,2,4,棘
南一,6,2,4,嚮
南一,6,2,4,逐
南一,6,2,4,伐
南一,6,2,4,域
南一,6,2,4,楷
南一,6,2,4,憾
南一,6,2,4,岔
南一,6,2,4,契
南一,6,2,4,遐
南一,6,2,4,邇
南一,6,2,4,奠
南一,6,2,4,屹
南一,6,2,4,沮
南一,6,2,4,餒
南一,6,2,4,豫
南一,6,2,5,畔
南一,6,2,5,巒
南一,6,2,5,鰭
南一,6,2,5,韌
南一,6,2,5,鞭
南一,6,2,5,蒼
南一,6,2,5,恰
南一,6,2,5,倚
南一,6,2,5,胖
南一,6,2,5,搶
南一,6,2,5,頸
南一,6,2,5,勁
南一,6,2,5,洶
南一,6,2,5,湧
南一,6,2,5,湍
南一,6,2,5,猛
南一,6,2,5,濺
南一,6,2,6,賓
南一,6,2,6,紐
南一,6,2,6,匯
南一,6,2,6,遙
南一,6,2,6,赴
南一,6,2,6,竊
南一,6,2,6,查
南一,6,2,6,葡
南一,6,2,6,萄
南一,6,2,6,忐
南一,6,2,6,忑
南一,6,2,6,按
南一,6,2,6,愚
南一,6,2,6,蠢
南一,6,2,6,犯
南一,6,2,6,憤
南一,6,2,6,恨
南一,6,2,6,涯
南一,6,2,6,汰
南一,6,2,7,扉
南一,6,2,7,狹
南一,6,2,7,寞
南一,6,2,7,疏
南一,6,2,7,潑
南一,6,2,7,憐
南一,6,2,7,循
南一,6,2,7,矩
南一,6,2,7,稔
南一,6,2,7,蝸
南一,6,2,7,兢
南一,6,2,7,攀
南一,6,2,7,繭
南一,6,2,7,懇
南一,6,2,7,敦
南一,6,2,7,咀
南一,6,2,7,殷
南一,6,2,7,彌
南一,6,2,8,權
南一,6,2,8,糾
南一,6,2,8,德
南一,6,2,8,諱
南一,6,2,8,凰
南一,6,2,8,驪
南一,6,2,8,伏
南一,6,2,8,邋
南一,6,2,8,遢
南一,6,2,8,拘
南一,6,2,8,遜
南一,6,2,8,冊
南一,6,2,8,摯
南一,6,2,8,厭
南一,6,2,8,濤
南一,6,2,8,迴
南一,6,2,8,盪
南一,6,2,8,囑
南一,6,2,9,蔚
南一,6,2,9,忠
南一,6,2,9,夥
南一,6,2,9,檻
南一,6,2,9,蒲
南一,6,2,9,曠
南一,6,2,9,綺
南一,6,2,9,誦
翰林,1,1,1,起
翰林,1,1,1,走
翰林,1,1,1,你
翰林,1,1,1,在
翰林,1,1,1,左
翰林,1,1,1,我
翰林,1,1,1,右
翰林,1,1,1,和
翰林,1,1,1,向
翰林,1,1,1,前
翰林,1,1,2,大
翰林,1,1,2,風
翰林,1,1,2,吹
翰林,1,1,2,們
翰林,1,1,2,來
翰林,1,1,2,玩
翰林,1,1,2,不
翰林,1,1,2,停
翰林,1,1,2,的
翰林,1,1,2,跑
翰林,1,1,3,火
翰林,1,1,3,車
翰林,1,1,3,山
翰林,1,1,3,洞
翰林,1,1,3,個
翰林,1,1,3,又
翰林,1,1,3,出
翰林,1,1,3,小
翰林,1,1,3,堆
翰林,1,1,3,開
翰林,1,1,3,心
翰林,1,1,3,過
翰林,1,1,3,做
翰林,1,1,4,請
翰林,1,1,4,問
翰林,1,1,4,草
翰林,1,1,4,天
翰林,1,1,4,有
翰林,1,1,4,多
翰林,1,1,4,高
翰林,1,1,4,星
翰林,1,1,4,少
翰林,1,1,4,太
翰林,1,1,4,了
翰林,1,1,4,水
翰林,1,1,4,去
翰林,1,1,4,陽
翰林,1,1,4,珠
翰林,1,1,4,哪
翰林,1,1,5,彩
翰林,1,1,5,上
翰林,1,1,5,好
翰林,1,1,5,想
翰林,1,1,5,爬
翰林,1,1,5,看
翰林,1,1,5,沒
翰林,1,1,5,棉
翰林,1,1,5,花
翰林,1,1,5,下
翰林,1,1,5,泡
翰林,1,1,5,池
翰林,1,1,5,滑
翰林,1,1,5,梯
翰林,1,1,5,糖
翰林,1,1,6,秋
翰林,1,1,6,千
翰林,1,1,6,子
翰林,1,1,6,空
翰林,1,1,6,說
翰林,1,1,6,早
翰林,1,1,6,田
翰林,1,1,6,是
翰林,1,1,6,誰
翰林,1,1,6,陪
翰林,1,1,6,他
翰林,1,1,6,低
翰林,1,1,6,找
翰林,1,1,7,回
翰林,1,1,7,音
翰林,1,1,7,到
翰林,1,1,7,谷
翰林,1,1,7,叫
翰林,1,1,7,人
翰林,1,1,7,嗎
翰林,1,1,7,也
翰林,1,1,7,笑
翰林,1,1,7,哈
翰林,1,2,1,春
翰林,1,2,1,裡
翰林,1,2,1,綠
翰林,1,2,1,美
翰林,1,2,1,呀
翰林,1,2,1,媽
翰林,1,2,1,弟
翰林,1,2,1,坐
翰林,1,2,1,還
翰林,1,2,1,路
翰林,1,2,1,著
翰林,1,2,1,氣
翰林,1,2,1,暖
翰林,1,2,1,就
翰林,1,2,1,園
翰林,1,2,2,雨
翰林,1,2,2,唱
翰林,1,2,2,歌
翰林,1,2,2,過
翰林,1,2,2,河
翰林,1,2,2,輕
翰林,1,2,2,快
翰林,1,2,2,樂
翰林,1,2,2,街
翰林,1,2,2,興
翰林,1,2,2,魚
翰林,1,2,2,朋
翰林,1,2,2,友
翰林,1,2,2,招
翰林,1,2,2,手
翰林,1,2,2,愛
翰林,1,2,2,稻
翰林,1,2,2,苗
翰林,1,2,3,涼
翰林,1,2,3,地
翰林,1,2,3,真
翰林,1,2,3,朵
翰林,1,2,3,拍
翰林,1,2,3,照
翰林,1,2,3,粉
翰林,1,2,3,紅
翰林,1,2,3,色
翰林,1,2,3,衣
翰林,1,2,3,服
翰林,1,2,3,妹
翰林,1,2,3,像
翰林,1,2,3,會
翰林,1,2,3,動
翰林,1,2,3,帶
翰林,1,2,3,給
翰林,1,2,3,鳥
翰林,1,2,3,滿
翰林,1,2,3,穿
翰林,1,2,4,送
翰林,1,2,4,什
翰林,1,2,4,呢
翰林,1,2,4,生
翰林,1,2,4,日
翰林,1,2,4,要
翰林,1,2,4,爸
翰林,1,2,4,姐
翰林,1,2,4,束
翰林,1,2,4,做
翰林,1,2,4,張
翰林,1,2,4,卡
翰林,1,2,4,片
翰林,1,2,4,畫
翰林,1,2,4,寫
翰林,1,2,4,話
翰林,1,2,4,麼
翰林,1,2,5,窗
翰林,1,2,5,外
翰林,1,2,5,麻
翰林,1,2,5,雀
翰林,1,2,5,找
翰林,1,2,5,字
翰林,1,2,5,但
翰林,1,2,5,課
翰林,1,2,5,才
翰林,1,2,5,可
翰林,1,2,5,以
翰林,1,2,5,急
翰林,1,2,5,跳
翰林,1,2,5,先
翰林,1,2,5,再
翰林,1,2,5,遊
翰林,1,2,5,戲
翰林,1,2,6,毛
翰林,1,2,6,陽
翰林,1,2,6,光
翰林,1,2,6,兒
翰林,1,2,6,站
翰林,1,2,6,中
翰林,1,2,6,游
翰林,1,2,6,青
翰林,1,2,6,幫
翰林,1,2,6,忙
翰林,1,2,6,面
翰林,1,2,6,葉
翰林,1,2,6,船
翰林,1,2,6,拉
翰林,1,2,6,推
翰林,1,2,6,蟲
翰林,1,2,6,邊
翰林,1,2,6,蛙
翰林,1,2,7,借
翰林,1,2,7,筆
翰林,1,2,7,跟
翰林,1,2,7,她
翰林,1,2,7,把
翰林,1,2,7,拿
翰林,1,2,7,很
翰林,1,2,7,都
翰林,1,2,7,每
翰林,1,2,7,家
翰林,1,2,7,今
翰林,1,2,7,自
翰林,1,2,7,己
翰林,1,2,7,背
翰林,1,2,7,書
翰林,1,2,7,包
翰林,1,2,7,剛
翰林,1,2,7,整
翰林,1,2,8,兩
翰林,1,2,8,教
翰林,1,2,8,室
翰林,1,2,8,見
翰林,1,2,8,桌
翰林,1,2,8,等
翰林,1,2,8,意
翰林,1,2,8,思
翰林,1,2,8,忍
翰林,1,2,8,住
翰林,1,2,8,忽
翰林,1,2,8,然
翰林,1,2,8,啊
翰林,1,2,8,忘
翰林,1,2,8,用
翰林,1,2,8,吧
翰林,1,2,8,對
翰林,1,2,8,樣
翰林,1,2,9,情
翰林,1,2,9,杖
翰林,1,2,9,時
翰林,1,2,9,受
翰林,1,2,9,傷
翰林,1,2,9,疼
翰林,1,2,9,直
翰林,1,2,9,步
翰林,1,2,9,健
翰林,1,2,9,康
翰林,1,2,9,覺
翰林,1,2,9,得
翰林,1,2,9,溫
翰林,1,2,9,雙
翰林,1,2,9,枴
翰林,1,2,9,蹲
翰林,1,2,9,矮
翰林,1,2,10,棵
翰林,1,2,10,樹
翰林,1,2,10,打
翰林,1,2,10,雷
翰林,1,2,10,土
翰林,1,2,10,抖
翰林,1,2,10,害
翰林,1,2,10,怕
翰林,1,2,10,長
翰林,1,2,10,咬
翰林,1,2,10,羊
翰林,1,2,10,吃
翰林,1,2,10,勇
翰林,1,2,10,敢
翰林,1,2,10,這
翰林,1,2,10,發
翰林,1,2,10,柔
翰林,1,2,10,聽
翰林,1,2,11,鉛
翰林,1,2,11,皮
翰林,1,2,11,常
翰林,1,2,11,錯
翰林,1,2,11,久
翰林,1,2,11,哭
翰林,1,2,11,加
翰林,1,2,11,油
翰林,1,2,11,試
翰林,1,2,11,後
翰林,1,2,11,正
翰林,1,2,11,漂
翰林,1,2,11,亮
翰林,1,2,11,進
翰林,1,2,11,需
翰林,1,2,11,學
翰林,1,2,11,橡
翰林,1,2,11,擦
翰林,1,2,11,確
翰林,1,2,12,故
翰林,1,2,12,事
翰林,1,2,12,期
翰林,1,2,12,全
翰林,1,2,12,班
翰林,1,2,12,記
翰林,1,2,12,麼
翰林,1,2,12,能
翰林,1,2,12,決
翰林,1,2,12,定
翰林,1,2,12,狼
翰林,1,2,12,間
翰林,1,2,12,完
翰林,1,2,12,段
翰林,1,2,12,物
翰林,1,2,12,同
翰林,1,2,12,臺
翰林,1,2,12,演
翰林,2,1,1,候
翰林,2,1,1,颳
翰林,2,1,1,冷
翰林,2,1,1,躲
翰林,2,1,1,閃
翰林,2,1,1,電
翰林,2,1,1,難
翰林,2,1,1,烏
翰林,2,1,1,雲
翰林,2,1,1,密
翰林,2,1,1,布
翰林,2,1,1,盆
翰林,2,1,1,充
翰林,2,1,1,滿
翰林,2,1,1,放
翰林,2,1,1,晴
翰林,2,1,1,現
翰林,2,1,1,虹
翰林,2,1,1,傾
翰林,2,1,1,麗
翰林,2,1,2,老
翰林,2,1,2,師
翰林,2,1,2,新
翰林,2,1,2,希
翰林,2,1,2,望
翰林,2,1,2,卻
翰林,2,1,2,使
翰林,2,1,2,緊
翰林,2,1,2,因
翰林,2,1,2,為
翰林,2,1,2,知
翰林,2,1,2,道
翰林,2,1,2,怎
翰林,2,1,2,消
翰林,2,1,2,失
翰林,2,1,2,習
翰林,2,1,2,最
翰林,2,1,2,掛
翰林,2,1,2,轉
翰林,2,1,2,熟
翰林,2,1,2,辦
翰林,2,1,2,舞
翰林,2,1,3,國
翰林,2,1,3,王
翰林,2,1,3,喜
翰林,2,1,3,歡
翰林,2,1,3,穿
翰林,2,1,3,只
翰林,2,1,3,件
翰林,2,1,3,點
翰林,2,1,3,改
翰林,2,1,3,領
翰林,2,1,3,越
翰林,2,1,3,設
翰林,2,1,3,計
翰林,2,1,3,發
翰林,2,1,3,方
翰林,2,1,3,法
翰林,2,1,3,分
翰林,2,1,3,享
翰林,2,1,3,臣
翰林,2,1,3,袖
翰林,2,1,3,驚
翰林,2,1,3,讓
翰林,2,1,4,呱
翰林,2,1,4,聞
翰林,2,1,4,聲
翰林,2,1,4,猜
翰林,2,1,4,蛙
翰林,2,1,4,別
翰林,2,1,4,靠
翰林,2,1,4,近
翰林,2,1,4,抓
翰林,2,1,4,如
翰林,2,1,4,果
翰林,2,1,4,乖
翰林,2,1,4,腦
翰林,2,1,4,袋
翰林,2,1,4,瓜
翰林,2,1,4,證
翰林,2,1,4,明
翰林,2,1,4,頂
翰林,2,1,4,影
翰林,2,1,4,蝦
翰林,2,1,4,蟆
翰林,2,1,4,擔
翰林,2,1,5,沙
翰林,2,1,5,灘
翰林,2,1,5,海
翰林,2,1,5,邊
翰林,2,1,5,退
翰林,2,1,5,遠
翰林,2,1,5,螃
翰林,2,1,5,蟹
翰林,2,1,5,愛
翰林,2,1,5,注
翰林,2,1,5,夕
翰林,2,1,5,腳
翰林,2,1,5,丫
翰林,2,1,5,橫
翰林,2,1,5,留
翰林,2,1,5,印
翰林,2,1,5,挖
翰林,2,1,5,麗
翰林,2,1,6,月
翰林,2,1,6,奶
翰林,2,1,6,晚
翰林,2,1,6,飯
翰林,2,1,6,散
翰林,2,1,6,屋
翰林,2,1,6,竹
翰林,2,1,6,林
翰林,2,1,6,頭
翰林,2,1,6,溪
翰林,2,1,6,旁
翰林,2,1,6,暗
翰林,2,1,6,眼
翰林,2,1,6,睛
翰林,2,1,6,那
翰林,2,1,6,聚
翰林,2,1,6,成
翰林,2,1,6,顆
翰林,2,1,6,叢
翰林,2,1,6,盡
翰林,2,1,7,樣
翰林,2,1,7,食
翰林,2,1,7,郊
翰林,2,1,7,活
翰林,2,1,7,奇
翰林,2,1,7,筒
翰林,2,1,7,香
翰林,2,1,7,味
翰林,2,1,7,便
翰林,2,1,7,當
翰林,2,1,7,盒
翰林,2,1,7,客
翰林,2,1,7,清
翰林,2,1,7,節
翰林,2,1,7,保
翰林,2,1,7,平
翰林,2,1,7,安
翰林,2,1,7,南
翰林,2,1,7,祖
翰林,2,1,7,艾
翰林,2,1,7,粄
翰林,2,1,7,捲
翰林,2,1,8,介
翰林,2,1,8,圓
翰林,2,1,8,形
翰林,2,1,8,白
翰林,2,1,8,紙
翰林,2,1,8,米
翰林,2,1,8,變
翰林,2,1,8,軟
翰林,2,1,8,搶
翰林,2,1,8,材
翰林,2,1,8,蝦
翰林,2,1,8,線
翰林,2,1,8,各
翰林,2,1,8,種
翰林,2,1,8,菜
翰林,2,1,8,接
翰林,2,1,8,聽
翰林,2,1,8,更
翰林,2,1,8,紹
翰林,2,1,8,舉
翰林,2,1,9,黃
翰林,2,1,9,沖
翰林,2,1,9,澡
翰林,2,1,9,蘿
翰林,2,1,9,蔔
翰林,2,1,9,哪
翰林,2,1,9,粒
翰林,2,1,9,熱
翰林,2,1,9,浴
翰林,2,1,9,蒸
翰林,2,1,9,胖
翰林,2,1,9,名
翰林,2,1,9,苔
翰林,2,1,9,蛋
翰林,2,1,9,蔬
翰林,2,1,9,通
翰林,2,1,9,細
翰林,2,1,9,淡
翰林,2,1,9,黏
翰林,2,1,9,飄
翰林,2,1,10,減
翰林,2,1,10,表
翰林,2,1,10,讀
翰林,2,1,10,認
翰林,2,1,10,識
翰林,2,1,10,謎
翰林,2,1,10,答
翰林,2,1,10,搖
翰林,2,1,10,百
翰林,2,1,10,嘴
翰林,2,1,10,哥
翰林,2,1,10,數
翰林,2,1,10,題
翰林,2,1,10,趕
翰林,2,1,10,突
翰林,2,1,10,異
翰林,2,1,10,口
翰林,2,1,10,對
翰林,2,1,10,嘟
翰林,2,1,11,怪
翰林,2,1,11,門
翰林,2,1,11,扇
翰林,2,1,11,立
翰林,2,1,11,刻
翰林,2,1,11,閒
翰林,2,1,11,馬
翰林,2,1,11,闖
翰林,2,1,11,耳
翰林,2,1,11,主
翰林,2,1,11,播
翰林,2,1,11,報
翰林,2,1,11,力
翰林,2,1,11,竟
翰林,2,1,11,巴
翰林,2,1,11,東
翰林,2,1,11,西
翰林,2,1,11,底
翰林,2,1,11,慌
翰林,2,1,11,仔
翰林,2,1,11,擠
翰林,2,1,11,妖
翰林,2,1,12,念
翰林,2,1,12,曲
翰林,2,1,12,項
翰林,2,1,12,浮
翰林,2,1,12,掌
翰林,2,1,12,撥
翰林,2,1,12,波
翰林,2,1,12,詩
翰林,2,1,12,作
翰林,2,1,12,首
翰林,2,1,12,指
翰林,2,1,12,伸
翰林,2,1,12,脖
翰林,2,1,12,身
翰林,2,1,12,體
翰林,2,1,12,隻
翰林,2,1,12,倒
翰林,2,1,12,肚
翰林,2,1,12,詠
翰林,2,1,12,鵝
翰林,2,1,12,歲
翰林,2,1,12,翻
翰林,2,2,1,旅
翰林,2,2,1,行
翰林,2,2,1,妙
翰林,2,2,1,公
翰林,2,2,1,園
翰林,2,2,1,針
翰林,2,2,1,尖
翰林,2,2,1,狗
翰林,2,2,1,士
翰林,2,2,1,貓
翰林,2,2,1,車
翰林,2,2,1,探
翰林,2,2,1,險
翰林,2,2,1,黑
翰林,2,2,1,傘
翰林,2,2,1,由
翰林,2,2,1,哇
翰林,2,2,1,世
翰林,2,2,1,界
翰林,2,2,1,鬼
翰林,2,2,1,刺
翰林,2,2,1,昭
翰林,2,2,1,飛
翰林,2,2,2,滴
翰林,2,2,2,躺
翰林,2,2,2,次
翰林,2,2,2,落
翰林,2,2,2,荷
翰林,2,2,2,珍
翰林,2,2,2,珠
翰林,2,2,2,第
翰林,2,2,2,被
翰林,2,2,2,轉
翰林,2,2,2,甩
翰林,2,2,2,浪
翰林,2,2,2,救
翰林,2,2,2,植
翰林,2,2,2,提
翰林,2,2,2,漠
翰林,2,2,2,令
翰林,2,2,2,及
翰林,2,2,2,滾
翰林,2,2,2,圈
翰林,2,2,3,紫
翰林,2,2,3,北
翰林,2,2,3,悄
翰林,2,2,3,擔
翰林,2,2,3,翅
翰林,2,2,3,膀
翰林,2,2,3,讓
翰林,2,2,3,溜
翰林,2,2,3,滑
翰林,2,2,3,梯
翰林,2,2,3,碰
翰林,2,2,3,遇
翰林,2,2,3,鳥
翰林,2,2,3,終
翰林,2,2,3,於
翰林,2,2,3,木
翰林,2,2,3,些
翰林,2,2,3,伴
翰林,2,2,3,斑
翰林,2,2,3,蝶
翰林,2,2,3,盪
翰林,2,2,4,場
翰林,2,2,4,農
翰林,2,2,4,夫
翰林,2,2,4,渴
翰林,2,2,4,稻
翰林,2,2,4,喝
翰林,2,2,4,飽
翰林,2,2,4,洗
翰林,2,2,4,蚯
翰林,2,2,4,蚓
翰林,2,2,4,扭
翰林,2,2,4,尾
翰林,2,2,4,泥
翰林,2,2,4,蝌
翰林,2,2,4,蚪
翰林,2,2,4,努
翰林,2,2,4,爺
翰林,2,2,4,剛
翰林,2,2,4,淹
翰林,2,2,5,容
翰林,2,2,5,丟
翰林,2,2,5,負
翰林,2,2,5,責
翰林,2,2,5,收
翰林,2,2,5,漸
翰林,2,2,5,臉
翰林,2,2,5,雖
翰林,2,2,5,換
翰林,2,2,5,工
翰林,2,2,5,總
翰林,2,2,5,親
翰林,2,2,5,切
翰林,2,2,5,慢
翰林,2,2,5,利
翰林,2,2,5,合
翰林,2,2,5,式
翰林,2,2,5,露
翰林,2,2,5,亂
翰林,2,2,5,資
翰林,2,2,5,源
翰林,2,2,5,謝
翰林,2,2,5,微
翰林,2,2,6,從
翰林,2,2,6,臺
翰林,2,2,6,夠
翰林,2,2,6,昨
翰林,2,2,6,球
翰林,2,2,6,捧
翰林,2,2,6,腹
翰林,2,2,6,告
翰林,2,2,6,訴
翰林,2,2,6,整
翰林,2,2,6,廁
翰林,2,2,6,所
翰林,2,2,6,踢
翰林,2,2,6,足
翰林,2,2,6,比
翰林,2,2,6,校
翰林,2,2,6,信
翰林,2,2,6,祝
翰林,2,2,6,搬
翰林,2,2,6,禮
翰林,2,2,6,貌
翰林,2,2,7,調
翰林,2,2,7,盤
翰林,2,2,7,配
翰林,2,2,7,藍
翰林,2,2,7,顏
翰林,2,2,7,魔
翰林,2,2,7,料
翰林,2,2,7,幾
翰林,2,2,7,已
翰林,2,2,7,經
翰林,2,2,7,趣
翰林,2,2,7,呵
翰林,2,2,7,將
翰林,2,2,7,混
翰林,2,2,7,橙
翰林,2,2,7,棒
翰林,2,2,7,神
翰林,2,2,8,男
翰林,2,2,8,孩
翰林,2,2,8,靜
翰林,2,2,8,晨
翰林,2,2,8,傳
翰林,2,2,8,雞
翰林,2,2,8,吵
翰林,2,2,8,雜
翰林,2,2,8,女
翰林,2,2,8,窩
翰林,2,2,8,根
翰林,2,2,8,羽
翰林,2,2,8,啄
翰林,2,2,8,母
翰林,2,2,8,求
翰林,2,2,8,助
翰林,2,2,8,凡
翰林,2,2,8,孵
翰林,2,2,8,離
翰林,2,2,9,歲
翰林,2,2,9,燈
翰林,2,2,9,賣
翰林,2,2,9,非
翰林,2,2,9,貴
翰林,2,2,9,買
翰林,2,2,9,燒
翰林,2,2,9,壞
翰林,2,2,9,功
翰林,2,2,9,費
翰林,2,2,9,絲
翰林,2,2,9,敗
翰林,2,2,9,實
翰林,2,2,9,驗
翰林,2,2,9,呼
翰林,2,2,9,良
翰林,2,2,9,持
翰林,2,2,9,宜
翰林,2,2,10,醜
翰林,2,2,10,鴨
翰林,2,2,10,其
翰林,2,2,10,特
翰林,2,2,10,抱
翰林,2,2,10,破
翰林,2,2,10,碗
翰林,2,2,10,煩
翰林,2,2,10,雪
翰林,2,2,10,餓
翰林,2,2,10,縮
翰林,2,2,10,孤
翰林,2,2,10,單
翰林,2,2,10,掉
翰林,2,2,10,淚
翰林,2,2,10,鵝
翰林,2,2,10,飛
翰林,2,2,10,迎
翰林,2,2,10,蘆
翰林,2,2,10,葦
翰林,2,2,11,蜘
翰林,2,2,11,蛛
翰林,2,2,11,鴿
翰林,2,2,11,裂
翰林,2,2,11,痕
翰林,2,2,11,拜
翰林,2,2,11,託
翰林,2,2,11,寶
翰林,2,2,11,貝
翰林,2,2,11,處
翰林,2,2,11,補
翰林,2,2,11,內
翰林,2,2,11,石
翰林,2,2,11,算
翰林,2,2,11,吐
翰林,2,2,11,顧
翰林,2,2,11,離
翰林,2,2,12,玉
翰林,2,2,12,兔
翰林,2,2,12,搗
翰林,2,2,12,藥
翰林,2,2,12,姑
翰林,2,2,12,娘
翰林,2,2,12,養
翰林,2,2,12,仙
翰林,2,2,12,重
翰林,2,2,12,鬧
翰林,2,2,12,受
翰林,2,2,12,桂
翰林,2,2,12,砍
翰林,2,2,12,嚇
翰林,2,2,12,棍
翰林,2,2,12,操
翰林,2,2,12,夜
翰林,2,2,12,運
翰林,3,1,1,待
翰林,3,1,1,牠
翰林,3,1,1,吞
翰林,3,1,1,寸
翰林,3,1,1,碌
翰林,3,1,1,奔
翰林,3,1,1,斑
翰林,3,1,1,實
翰林,3,1,1,彈
翰林,3,1,1,樂
翰林,3,1,1,它
翰林,3,1,1,短
翰林,3,1,1,悲
翰林,3,1,1,傷
翰林,3,1,1,永
翰林,3,1,1,蝸
翰林,3,1,1,簧
翰林,3,1,2,週
翰林,3,1,2,休
翰林,3,1,2,假
翰林,3,1,2,連
翰林,3,1,2,業
翰林,3,1,2,午
翰林,3,1,2,並
翰林,3,1,2,提
翰林,3,1,2,醒
翰林,3,1,2,拖
翰林,3,1,2,蜜
翰林,3,1,2,桃
翰林,3,1,2,嘟
翰林,3,1,2,嘴
翰林,3,1,2,房
翰林,3,1,2,鬆
翰林,3,1,2,餐
翰林,3,1,2,爛
翰林,3,1,3,統
翰林,3,1,3,計
翰林,3,1,3,票
翰林,3,1,3,角
翰林,3,1,3,板
翰林,3,1,3,本
翰林,3,1,3,況
翰林,3,1,3,因
翰林,3,1,3,及
翰林,3,1,3,文
翰林,3,1,3,具
翰林,3,1,3,理
翰林,3,1,3,此
翰林,3,1,3,準
翰林,3,1,3,備
翰林,3,1,3,鐘
翰林,3,1,3,匆
翰林,3,1,3,喊
翰林,3,1,3,睡
翰林,3,1,3,餘
翰林,3,1,4,古
翰林,3,1,4,懂
翰林,3,1,4,居
翰林,3,1,4,群
翰林,3,1,4,省
翰林,3,1,4,費
翰林,3,1,4,商
翰林,3,1,4,量
翰林,3,1,4,窮
翰林,3,1,4,桶
翰林,3,1,4,怒
翰林,3,1,4,亂
翰林,3,1,4,增
翰林,3,1,4,胡
翰林,3,1,4,摸
翰林,3,1,4,錢
翰林,3,1,4,飼
翰林,3,1,4,歉
翰林,3,1,4,憤
翰林,3,1,4,鼻
翰林,3,1,5,貼
翰林,3,1,5,年
翰林,3,1,5,級
翰林,3,1,5,使
翰林,3,1,5,何
翰林,3,1,5,隨
翰林,3,1,5,隔
翰林,3,1,5,睡
翰林,3,1,5,效
翰林,3,1,5,序
翰林,3,1,5,而
翰林,3,1,5,且
翰林,3,1,5,排
翰林,3,1,5,箱
翰林,3,1,5,條
翰林,3,1,5,建
翰林,3,1,5,議
翰林,3,1,5,顯
翰林,3,1,5,勾
翰林,3,1,5,按
翰林,3,1,6,黏
翰林,3,1,6,木
翰林,3,1,6,製
翰林,3,1,6,部
翰林,3,1,6,混
翰林,3,1,6,斷
翰林,3,1,6,解
翰林,3,1,6,機
翰林,3,1,6,器
翰林,3,1,6,另
翰林,3,1,6,治
翰林,3,1,6,枝
翰林,3,1,6,桿
翰林,3,1,6,擦
翰林,3,1,6,削
翰林,3,1,6,墨
翰林,3,1,6,芯
翰林,3,1,6,凹
翰林,3,1,6,槽
翰林,3,1,6,膠
翰林,3,1,7,鹹
翰林,3,1,7,蔚
翰林,3,1,7,航
翰林,3,1,7,乘
翰林,3,1,7,橇
翰林,3,1,7,坡
翰林,3,1,7,野
翰林,3,1,7,滾
翰林,3,1,7,閉
翰林,3,1,7,深
翰林,3,1,7,吸
翰林,3,1,7,欣
翰林,3,1,7,賞
翰林,3,1,7,景
翰林,3,1,7,瞞
翰林,3,1,8,寄
翰林,3,1,8,蟹
翰林,3,1,8,灘
翰林,3,1,8,螃
翰林,3,1,8,堆
翰林,3,1,8,杯
翰林,3,1,8,類
翰林,3,1,8,撿
翰林,3,1,8,瓶
翰林,3,1,8,蓋
翰林,3,1,8,淨
翰林,3,1,8,志
翰林,3,1,8,品
翰林,3,1,8,應
翰林,3,1,8,幕
翰林,3,1,8,殼
翰林,3,1,8,垃
翰林,3,1,8,圾
翰林,3,1,8,護
翰林,3,1,9,挑
翰林,3,1,9,交
翰林,3,1,9,導
翰林,3,1,9,叢
翰林,3,1,9,喊
翰林,3,1,9,投
翰林,3,1,9,繼
翰林,3,1,9,續
翰林,3,1,9,岸
翰林,3,1,9,淺
翰林,3,1,9,捲
翰林,3,1,9,沿
翰林,3,1,9,踩
翰林,3,1,9,座
翰林,3,1,9,般
翰林,3,1,9,戰
翰林,3,1,9,鳳
翰林,3,1,9,梨
翰林,3,1,9,棧
翰林,3,1,9,疊
翰林,3,1,10,婚
翰林,3,1,10,禮
翰林,3,1,10,盪
翰林,3,1,10,服
翰林,3,1,10,代
翰林,3,1,10,福
翰林,3,1,10,結
翰林,3,1,10,束
翰林,3,1,10,酒
翰林,3,1,10,敬
翰林,3,1,10,舞
翰林,3,1,10,習
翰林,3,1,10,俗
翰林,3,1,10,惜
翰林,3,1,10,互
翰林,3,1,10,飾
翰林,3,1,10,郎
翰林,3,1,10,參
翰林,3,1,10,響
翰林,3,1,10,藏
翰林,3,1,11,除
翰林,3,1,11,嬸
翰林,3,1,11,煙
翰林,3,1,11,炮
翰林,3,1,11,附
翰林,3,1,11,店
翰林,3,1,11,息
翰林,3,1,11,修
翰林,3,1,11,廠
翰林,3,1,11,壞
翰林,3,1,11,檢
翰林,3,1,11,查
翰林,3,1,11,擺
翰林,3,1,11,幸
翰林,3,1,11,零
翰林,3,1,11,鞭
翰林,3,1,11,傅
翰林,3,1,11,關
翰林,3,1,11,聯
翰林,3,1,11,擾
翰林,3,1,12,團
翰林,3,1,12,窗
翰林,3,1,12,剩
翰林,3,1,12,默
翰林,3,1,12,匆
翰林,3,1,12,視
翰林,3,1,12,訊
翰林,3,1,12,叔
翰林,3,1,12,逗
翰林,3,1,12,堂
翰林,3,1,12,娃
翰林,3,1,12,壓
翰林,3,1,12,錢
翰林,3,1,12,透
翰林,3,1,12,握
翰林,3,1,12,樓
翰林,3,1,12,廳
翰林,3,1,12,擠
翰林,3,1,12,鏡
翰林,3,2,1,拔
翰林,3,2,1,牆
翰林,3,2,1,壁
翰林,3,2,1,往
翰林,3,2,1,究
翰林,3,2,1,父
翰林,3,2,1,練
翰林,3,2,1,肯
翰林,3,2,1,願
翰林,3,2,1,即
翰林,3,2,1,專
翰林,3,2,1,仍
翰林,3,2,1,牢
翰林,3,2,1,嚇
翰林,3,2,1,勁
翰林,3,2,1,潔
翰林,3,2,1,膽
翰林,3,2,1,罰
翰林,3,2,1,棄
翰林,3,2,1,村
翰林,3,2,2,差
翰林,3,2,2,擋
翰林,3,2,2,祕
翰林,3,2,2,藏
翰林,3,2,2,管
翰林,3,2,2,橫
翰林,3,2,2,埋
翰林,3,2,2,模
翰林,3,2,2,感
翰林,3,2,2,奮
翰林,3,2,2,示
翰林,3,2,2,範
翰林,3,2,2,苦
翰林,3,2,2,讚
翰林,3,2,2,微
翰林,3,2,2,訣
翰林,3,2,2,缸
翰林,3,2,2,豎
翰林,3,2,3,演
翰林,3,2,3,姿
翰林,3,2,3,病
翰林,3,2,3,引
翰林,3,2,3,克
翰林,3,2,3,肢
翰林,3,2,3,夾
翰林,3,2,3,琴
翰林,3,2,3,雙
翰林,3,2,3,骨
翰林,3,2,3,敲
翰林,3,2,3,疼
翰林,3,2,3,痛
翰林,3,2,3,戰
翰林,3,2,3,環
翰林,3,2,3,膝
翰林,3,2,3,截
翰林,3,2,3,臂
翰林,3,2,3,跪
翰林,3,2,3,腕
翰林,3,2,4,廣
翰林,3,2,4,松
翰林,3,2,4,妳
翰林,3,2,4,染
翰林,3,2,4,媚
翰林,3,2,4,市
翰林,3,2,4,映
翰林,3,2,4,躍
翰林,3,2,4,茫
翰林,3,2,4,暮
翰林,3,2,4,祥
翰林,3,2,4,耀
翰林,3,2,4,金
翰林,3,2,4,泰
翰林,3,2,4,銀
翰林,3,2,4,蘚
翰林,3,2,4,緣
翰林,3,2,4,勉
翰林,3,2,4,霞
翰林,3,2,4,凝
翰林,3,2,5,茶
翰林,3,2,5,鄉
翰林,3,2,5,城
翰林,3,2,5,參
翰林,3,2,5,烏
翰林,3,2,5,龍
翰林,3,2,5,程
翰林,3,2,5,傅
翰林,3,2,5,摘
翰林,3,2,5,晒
翰林,3,2,5,酵
翰林,3,2,5,乾
翰林,3,2,5,燥
翰林,3,2,5,嘆
翰林,3,2,5,驗
翰林,3,2,5,霧
翰林,3,2,5,揉
翰林,3,2,5,烘
翰林,3,2,5,焙
翰林,3,2,5,講
翰林,3,2,6,之
翰林,3,2,6,境
翰林,3,2,6,懷
翰林,3,2,6,訪
翰林,3,2,6,目
翰林,3,2,6,丘
翰林,3,2,6,象
翰林,3,2,6,灰
翰林,3,2,6,許
翰林,3,2,6,紋
翰林,3,2,6,濃
翰林,3,2,6,密
翰林,3,2,6,漿
翰林,3,2,6,驚
翰林,3,2,6,集
翰林,3,2,6,嗝
翰林,3,2,6,噴
翰林,3,2,6,蹦
翰林,3,2,7,漬
翰林,3,2,7,疑
翰林,3,2,7,惑
翰林,3,2,7,產
翰林,3,2,7,適
翰林,3,2,7,益
翰林,3,2,7,腸
翰林,3,2,7,健
翰林,3,2,7,康
翰林,3,2,7,裝
翰林,3,2,7,封
翰林,3,2,7,厲
翰林,3,2,7,騙
翰林,3,2,7,承
翰林,3,2,7,貪
翰林,3,2,7,罐
翰林,3,2,7,醃
翰林,3,2,7,菌
翰林,3,2,8,護
翰林,3,2,8,者
翰林,3,2,8,展
翰林,3,2,8,潑
翰林,3,2,8,談
翰林,3,2,8,秩
翰林,3,2,8,倍
翰林,3,2,8,疾
翰林,3,2,8,徐
翰林,3,2,8,抬
翰林,3,2,8,胸
翰林,3,2,8,或
翰林,3,2,8,某
翰林,3,2,8,扮
翰林,3,2,8,型
翰林,3,2,8,芒
翰林,3,2,8,邁
翰林,3,2,8,伐
翰林,3,2,8,挺
翰林,3,2,9,湯
翰林,3,2,9,筷
翰林,3,2,9,慣
翰林,3,2,9,較
翰林,3,2,9,圍
翰林,3,2,9,餐
翰林,3,2,9,套
翰林,3,2,9,煮
翰林,3,2,9,端
翰林,3,2,9,免
翰林,3,2,9,取
翰林,3,2,9,垃
翰林,3,2,9,圾
翰林,3,2,9,化
翰林,3,2,9,舉
翰林,3,2,9,扁
翰林,3,2,9,廚
翰林,3,2,10,員
翰林,3,2,10,幕
翰林,3,2,10,無
翰林,3,2,10,際
翰林,3,2,10,幅
翰林,3,2,10,帽
翰林,3,2,10,圖
翰林,3,2,10,蛇
翰林,3,2,10,瞪
翰林,3,2,10,呆
翰林,3,2,10,揮
翰林,3,2,10,既
翰林,3,2,10,胃
翰林,3,2,10,瞧
翰林,3,2,10,豎
翰林,3,2,10,鯨
翰林,3,2,10,寵
翰林,3,2,10,拇
翰林,3,2,11,維
翰林,3,2,11,肖
翰林,3,2,11,寺
翰林,3,2,11,尚
翰林,3,2,11,困
翰林,3,2,11,擾
翰林,3,2,11,邀
翰林,3,2,11,逼
翰林,3,2,11,孫
翰林,3,2,11,追
翰林,3,2,11,旦
翰林,3,2,11,相
翰林,3,2,11,朗
翰林,3,2,11,布
翰林,3,2,11,蹤
翰林,3,2,11,佛
翰林,3,2,11,梁
翰林,3,2,11,糞
翰林,3,2,11,鷹
翰林,3,2,12,夏
翰林,3,2,12,聊
翰林,3,2,12,幻
翰林,3,2,12,糕
翰林,3,2,12,跌
翰林,3,2,12,央
翰林,3,2,12,鼠
翰林,3,2,12,咦
翰林,3,2,12,刺
翰林,3,2,12,牌
翰林,3,2,12,后
翰林,3,2,12,脾
翰林,3,2,12,令
翰林,3,2,12,夢
翰林,3,2,12,兵
翰林,3,2,12,錶
翰林,3,2,12,槌
翰林,3,2,12,賽
翰林,3,2,12,鶴
翰林,3,2,12,蝟
翰林,4,1,1,島
翰林,4,1,1,唾
翰林,4,1,1,沫
翰林,4,1,1,忠
翰林,4,1,1,衛
翰林,4,1,1,寒
翰林,4,1,1,椰
翰林,4,1,1,隊
翰林,4,1,1,蕉
翰林,4,1,1,街
翰林,4,1,1,灣
翰林,4,1,1,甜
翰林,4,1,1,糖
翰林,4,1,1,童
翰林,4,1,2,泉
翰林,4,1,2,抹
翰林,4,1,2,訝
翰林,4,1,2,牙
翰林,4,1,2,齒
翰林,4,1,2,架
翰林,4,1,2,速
翰林,4,1,2,彷
翰林,4,1,2,彿
翰林,4,1,2,汽
翰林,4,1,2,區
翰林,4,1,2,恐
翰林,4,1,2,陀
翰林,4,1,2,螺
翰林,4,1,2,聚
翰林,4,1,3,鏡
翰林,4,1,3,軌
翰林,4,1,3,樓
翰林,4,1,3,與
翰林,4,1,3,耕
翰林,4,1,3,耘
翰林,4,1,3,蔬
翰林,4,1,3,鼓
翰林,4,1,3,腮
翰林,4,1,3,烤
翰林,4,1,3,柳
翰林,4,1,3,丁
翰林,4,1,3,粉
翰林,4,1,3,網
翰林,4,1,3,錄
翰林,4,1,4,兄
翰林,4,1,4,翔
翰林,4,1,4,鷹
翰林,4,1,4,論
翰林,4,1,4,控
翰林,4,1,4,制
翰林,4,1,4,命
翰林,4,1,4,義
翰林,4,1,4,標
翰林,4,1,4,良
翰林,4,1,4,研
翰林,4,1,4,靈
翰林,4,1,4,升
翰林,4,1,4,紀
翰林,4,1,4,碑
翰林,4,1,5,掛
翰林,4,1,5,皎
翰林,4,1,5,凝
翰林,4,1,5,曾
翰林,4,1,5,考
翰林,4,1,5,輪
翰林,4,1,5,徘
翰林,4,1,5,徊
翰林,4,1,5,瑤
翰林,4,1,5,妝
翰林,4,1,5,科
翰林,4,1,5,登
翰林,4,1,5,循
翰林,4,1,5,尋
翰林,4,1,5,案
翰林,4,1,6,館
翰林,4,1,6,億
翰林,4,1,6,隕
翰林,4,1,6,撞
翰林,4,1,6,擊
翰林,4,1,6,坑
翰林,4,1,6,射
翰林,4,1,6,狀
翰林,4,1,6,距
翰林,4,1,6,萬
翰林,4,1,6,里
翰林,4,1,6,均
翰林,4,1,6,騎
翰林,4,1,6,餅
翰林,4,1,6,揭
翰林,4,1,7,麵
翰林,4,1,7,焦
翰林,4,1,7,揉
翰林,4,1,7,批
翰林,4,1,7,爐
翰林,4,1,7,徵
翰林,4,1,7,啟
翰林,4,1,7,禁
翰林,4,1,7,沾
翰林,4,1,7,依
翰林,4,1,7,度
翰林,4,1,7,滋
翰林,4,1,7,必
翰林,4,1,8,俠
翰林,4,1,8,頓
翰林,4,1,8,江
翰林,4,1,8,鞋
翰林,4,1,8,溼
翰林,4,1,8,柱
翰林,4,1,8,止
翰林,4,1,8,措
翰林,4,1,8,撐
翰林,4,1,8,概
翰林,4,1,8,折
翰林,4,1,8,根
翰林,4,1,8,脫
翰林,4,1,8,愣
翰林,4,1,8,帥
翰林,4,1,9,箭
翰林,4,1,9,善
翰林,4,1,9,民
翰林,4,1,9,爭
翰林,4,1,9,復
翰林,4,1,9,祈
翰林,4,1,9,惱
翰林,4,1,9,鬥
翰林,4,1,9,博
翰林,4,1,9,弓
翰林,4,1,9,欺
翰林,4,1,9,惡
翰林,4,1,9,懶
翰林,4,1,9,晉
翰林,4,1,9,盡
翰林,4,1,10,珊
翰林,4,1,10,瑚
翰林,4,1,10,礁
翰林,4,1,10,積
翰林,4,1,10,存
翰林,4,1,10,稱
翰林,4,1,10,株
翰林,4,1,10,縫
翰林,4,1,10,隙
翰林,4,1,10,繽
翰林,4,1,10,紛
翰林,4,1,10,捕
翰林,4,1,10,撈
翰林,4,1,10,汙
翰林,4,1,10,藻
翰林,4,1,11,闊
翰林,4,1,11,鯊
翰林,4,1,11,拼
翰林,4,1,11,虎
翰林,4,1,11,鯨
翰林,4,1,11,叼
翰林,4,1,11,餵
翰林,4,1,11,嘗
翰林,4,1,11,鮮
翰林,4,1,11,籠
翰林,4,1,11,沉
翰林,4,1,11,豚
翰林,4,1,11,鑽
翰林,4,1,11,纏
翰林,4,1,11,潮
翰林,4,1,12,寧
翰林,4,1,12,譯
翰林,4,1,12,脣
翰林,4,1,12,達
翰林,4,1,12,愉
翰林,4,1,12,悅
翰林,4,1,12,章
翰林,4,1,12,齊
翰林,4,1,12,載
翰林,4,1,12,嘉
翰林,4,1,12,賓
翰林,4,1,12,辦
翰林,4,1,12,優
翰林,4,1,12,籟
翰林,4,2,1,苗
翰林,4,2,1,雄
翰林,4,2,1,赳
翰林,4,2,1,昂
翰林,4,2,1,巡
翰林,4,2,1,呷
翰林,4,2,1,甲
翰林,4,2,1,喚
翰林,4,2,1,禾
翰林,4,2,1,豐
翰林,4,2,1,季
翰林,4,2,1,穗
翰林,4,2,1,燦
翰林,4,2,2,建
翰林,4,2,2,築
翰林,4,2,2,致
翰林,4,2,2,棟
翰林,4,2,2,囪
翰林,4,2,2,強
翰林,4,2,2,覽
翰林,4,2,2,塔
翰林,4,2,2,設
翰林,4,2,2,悶
翰林,4,2,2,施
翰林,4,2,2,簾
翰林,4,2,2,瓢
翰林,4,2,2,僅
翰林,4,2,2,碳
翰林,4,2,3,傍
翰林,4,2,3,橘
翰林,4,2,3,敏
翰林,4,2,3,捷
翰林,4,2,3,朝
翰林,4,2,3,舍
翰林,4,2,3,伏
翰林,4,2,3,蒼
翰林,4,2,3,翠
翰林,4,2,3,巨
翰林,4,2,3,周
翰林,4,2,3,臨
翰林,4,2,3,黯
翰林,4,2,3,溪
翰林,4,2,3,迴
翰林,4,2,4,艘
翰林,4,2,4,舟
翰林,4,2,4,列
翰林,4,2,4,戴
翰林,4,2,4,盔
翰林,4,2,4,召
翰林,4,2,4,賜
翰林,4,2,4,饒
翰林,4,2,4,佑
翰林,4,2,4,順
翰林,4,2,4,串
翰林,4,2,4,激
翰林,4,2,4,共
翰林,4,2,4,餘
翰林,4,2,4,予
翰林,4,2,5,慶
翰林,4,2,5,褲
翰林,4,2,5,華
翰林,4,2,5,披
翰林,4,2,5,紗
翰林,4,2,5,袍
翰林,4,2,5,巾
翰林,4,2,5,袖
翰林,4,2,5,鯉
翰林,4,2,5,庭
翰林,4,2,5,旗
翰林,4,2,5,偶
翰林,4,2,5,未
翰林,4,2,5,翁
翰林,4,2,6,簇
翰林,4,2,6,碎
翰林,4,2,6,彎
翰林,4,2,6,層
翰林,4,2,6,鋪
翰林,4,2,6,漫
翰林,4,2,6,遍
翰林,4,2,6,潔
翰林,4,2,6,桐
翰林,4,2,6,瞬
翰林,4,2,6,踮
翰林,4,2,6,亭
翰林,4,2,6,芝
翰林,4,2,6,磨
翰林,4,2,6,擂
翰林,4,2,7,曉
翰林,4,2,7,賽
翰林,4,2,7,弱
翰林,4,2,7,哀
翰林,4,2,7,准
翰林,4,2,7,觸
翰林,4,2,7,振
翰林,4,2,7,局
翰林,4,2,7,反
翰林,4,2,7,輸
翰林,4,2,7,討
翰林,4,2,7,支
翰林,4,2,7,壘
翰林,4,2,7,菠
翰林,4,2,7,勝
翰林,4,2,8,領
翰林,4,2,8,喘
翰林,4,2,8,愈
翰林,4,2,8,噪
翰林,4,2,8,拚
翰林,4,2,8,衝
翰林,4,2,8,猶
翰林,4,2,8,豫
翰林,4,2,8,膽
翰林,4,2,8,插
翰林,4,2,8,腰
翰林,4,2,8,贏
翰林,4,2,8,硬
翰林,4,2,8,挨
翰林,4,2,8,罵
翰林,4,2,9,盛
翰林,4,2,9,劃
翰林,4,2,9,選
翰林,4,2,9,途
翰林,4,2,9,霧
翰林,4,2,9,舒
翰林,4,2,9,緩
翰林,4,2,9,巧
翰林,4,2,9,透
翰林,4,2,9,棧
翰林,4,2,9,捉
翰林,4,2,9,似
翰林,4,2,9,眺
翰林,4,2,9,秀
翰林,4,2,9,趟
翰林,4,2,10,芭
翰林,4,2,10,焰
翰林,4,2,10,擔
翰林,4,2,10,搧
翰林,4,2,10,熄
翰林,4,2,10,獨
翰林,4,2,10,嫂
翰林,4,2,10,菩
翰林,4,2,10,薩
翰林,4,2,10,丹
翰林,4,2,10,關
翰林,4,2,10,椅
翰林,4,2,10,訣
翰林,4,2,10,乃
翰林,4,2,10,聖
翰林,4,2,11,租
翰林,4,2,11,蒙
翰林,4,2,11,瘦
翰林,4,2,11,肺
翰林,4,2,11,炎
翰林,4,2,11,咳
翰林,4,2,11,醫
翰林,4,2,11,危
翰林,4,2,11,嚴
翰林,4,2,11,藤
翰林,4,2,11,磚
翰林,4,2,11,薄
翰林,4,2,11,賺
翰林,4,2,11,搬
翰林,4,2,11,梯
翰林,4,2,12,閱
翰林,4,2,12,扶
翰林,4,2,12,捐
翰林,4,2,12,烈
翰林,4,2,12,犧
翰林,4,2,12,牲
翰林,4,2,12,踴
翰林,4,2,12,穫
翰林,4,2,12,任
翰林,4,2,12,務
翰林,4,2,12,鐘
翰林,4,2,12,響
翰林,4,2,12,欄
翰林,5,1,1,堅
翰林,5,1,1,耐
翰林,5,1,1,勞
翰林,5,1,1,元
翰林,5,1,1,蝟
翰林,5,1,1,擁
翰林,5,1,1,繩
翰林,5,1,1,刷
翰林,5,1,1,膏
翰林,5,1,1,遭
翰林,5,1,1,係
翰林,5,1,1,充
翰林,5,1,1,供
翰林,5,1,1,凸
翰林,5,1,1,彼
翰林,5,1,1,協
翰林,5,1,1,融
翰林,5,1,1,洽
翰林,5,1,1,諦
翰林,5,1,2,笛
翰林,5,1,2,奏
翰林,5,1,2,簡
翰林,5,1,2,旋
翰林,5,1,2,律
翰林,5,1,2,縈
翰林,5,1,2,繞
翰林,5,1,2,梢
翰林,5,1,2,廊
翰林,5,1,2,熟
翰林,5,1,2,悉
翰林,5,1,2,諧
翰林,5,1,2,階
翰林,5,1,2,須
翰林,5,1,2,絮
翰林,5,1,2,伍
翰林,5,1,2,威
翰林,5,1,3,璧
翰林,5,1,3,歸
翰林,5,1,3,諸
翰林,5,1,3,侯
翰林,5,1,3,挺
翰林,5,1,3,官
翰林,5,1,3,軍
翰林,5,1,3,羞
翰林,5,1,3,辱
翰林,5,1,3,懦
翰林,5,1,3,恥
翰林,5,1,3,權
翰林,5,1,3,勢
翰林,5,1,3,攻
翰林,5,1,3,君
翰林,5,1,3,鎮
翰林,5,1,3,愧
翰林,5,1,3,荊
翰林,5,1,3,肝
翰林,5,1,4,筍
翰林,5,1,4,廳
翰林,5,1,4,眾
翰林,5,1,4,據
翰林,5,1,4,逐
翰林,5,1,4,棋
翰林,5,1,4,撲
翰林,5,1,4,富
翰林,5,1,4,純
翰林,5,1,4,寓
翰林,5,1,4,超
翰林,5,1,4,炒
翰林,5,1,4,氛
翰林,5,1,4,齡
翰林,5,1,4,技
翰林,5,1,4,例
翰林,5,1,4,憶
翰林,5,1,4,培
翰林,5,1,4,患
翰林,5,1,5,英
翰林,5,1,5,采
翰林,5,1,5,揚
翰林,5,1,5,媲
翰林,5,1,5,搜
翰林,5,1,5,劇
翰林,5,1,5,螢
翰林,5,1,5,拯
翰林,5,1,5,預
翰林,5,1,5,脈
翰林,5,1,5,院
翰林,5,1,5,授
翰林,5,1,5,犯
翰林,5,1,5,吔
翰林,5,1,5,違
翰林,5,1,5,司
翰林,5,1,5,潤
翰林,5,1,5,愕
翰林,5,1,5,創
翰林,5,1,6,盃
翰林,5,1,6,缺
翰林,5,1,6,席
翰林,5,1,6,塑
翰林,5,1,6,廢
翰林,5,1,6,質
翰林,5,1,6,飲
翰林,5,1,6,掩
翰林,5,1,6,焚
翰林,5,1,6,熔
翰林,5,1,6,抽
翰林,5,1,6,紡
翰林,5,1,6,極
翰林,5,1,6,複
翰林,5,1,6,織
翰林,5,1,6,耗
翰林,5,1,6,至
翰林,5,1,6,摩
翰林,5,1,6,屆
翰林,5,1,7,返
翰林,5,1,7,寨
翰林,5,1,7,曠
翰林,5,1,7,寂
翰林,5,1,7,茂
翰林,5,1,7,鳴
翰林,5,1,7,澗
翰林,5,1,7,悠
翰林,5,1,7,乎
翰林,5,1,7,谷
翰林,5,1,7,描
翰林,5,1,7,幽
翰林,5,1,7,隱
翰林,5,1,7,貌
翰林,5,1,7,漆
翰林,5,1,7,乍
翰林,5,1,7,添
翰林,5,1,8,葫
翰林,5,1,8,蘆
翰林,5,1,8,幼
翰林,5,1,8,鄰
翰林,5,1,8,蔓
翰林,5,1,8,攀
翰林,5,1,8,莖
翰林,5,1,8,蜂
翰林,5,1,8,營
翰林,5,1,8,蝴
翰林,5,1,8,蝶
翰林,5,1,8,翩
翰林,5,1,8,吱
翰林,5,1,8,喳
翰林,5,1,8,灌
翰林,5,1,8,溉
翰林,5,1,8,誠
翰林,5,1,8,盼
翰林,5,1,9,玻
翰林,5,1,9,璃
翰林,5,1,9,測
翰林,5,1,9,棲
翰林,5,1,9,覓
翰林,5,1,9,昆
翰林,5,1,9,誘
翰林,5,1,9,繡
翰林,5,1,9,尊
翰林,5,1,9,慮
翰林,5,1,9,側
翰林,5,1,9,褐
翰林,5,1,9,掀
翰林,5,1,9,暑
翰林,5,1,9,圃
翰林,5,1,9,籬
翰林,5,1,9,戀
翰林,5,1,9,捨
翰林,5,1,9,淋
翰林,5,1,10,銳
翰林,5,1,10,膩
翰林,5,1,10,偉
翰林,5,1,10,格
翰林,5,1,10,納
翰林,5,1,10,德
翰林,5,1,10,洲
翰林,5,1,10,洋
翰林,5,1,10,湊
翰林,5,1,10,陸
翰林,5,1,10,移
翰林,5,1,10,評
翰林,5,1,10,飾
翰林,5,1,10,髮
翰林,5,1,10,詞
翰林,5,1,10,丈
翰林,5,1,10,銷
翰林,5,1,10,售
翰林,5,1,10,臘
翰林,5,1,11,蒲
翰林,5,1,11,梳
翰林,5,1,11,蓬
翰林,5,1,11,砂
翰林,5,1,11,螞
翰林,5,1,11,蟻
翰林,5,1,11,楓
翰林,5,1,11,噗
翰林,5,1,11,炸
翰林,5,1,11,逃
翰林,5,1,11,拂
翰林,5,1,11,狂
翰林,5,1,11,掃
翰林,5,1,11,颱
翰林,5,1,11,溝
翰林,5,1,11,籃
翰林,5,1,11,聰
翰林,5,1,11,擇
翰林,5,1,11,脆
翰林,5,1,12,裙
翰林,5,1,12,煦
翰林,5,1,12,置
翰林,5,1,12,髒
翰林,5,1,12,嘈
翰林,5,1,12,塵
翰林,5,1,12,裳
翰林,5,1,12,咪
翰林,5,1,12,蹈
翰林,5,1,12,妻
翰林,5,1,12,柵
翰林,5,1,12,闢
翰林,5,1,12,政
翰林,5,1,12,府
翰林,5,1,12,糟
翰林,5,1,12,皆
翰林,5,1,12,蹟
翰林,5,2,1,符
翰林,5,2,1,坎
翰林,5,2,1,坷
翰林,5,2,1,澎
翰林,5,2,1,湃
翰林,5,2,1,垠
翰林,5,2,1,限
翰林,5,2,1,陵
翰林,5,2,1,北
翰林,5,2,1,瞭
翰林,5,2,1,跡
翰林,5,2,1,仰
翰林,5,2,1,俯
翰林,5,2,1,碧
翰林,5,2,1,漾
翰林,5,2,1,歷
翰林,5,2,1,史
翰林,5,2,1,喻
翰林,5,2,1,遷
翰林,5,2,2,巒
翰林,5,2,2,障
翰林,5,2,2,喧
翰林,5,2,2,翅
翰林,5,2,2,膀
翰林,5,2,2,態
翰林,5,2,2,翱
翰林,5,2,2,隧
翰林,5,2,2,嘩
翰林,5,2,2,灑
翰林,5,2,2,綻
翰林,5,2,2,降
翰林,5,2,2,掠
翰林,5,2,2,轟
翰林,5,2,2,隆
翰林,5,2,2,震
翰林,5,2,2,顫
翰林,5,2,2,覆
翰林,5,2,2,吟
翰林,5,2,3,廟
翰林,5,2,3,拾
翰林,5,2,3,綴
翰林,5,2,3,若
翰林,5,2,3,峰
翰林,5,2,3,杜
翰林,5,2,3,鵑
翰林,5,2,3,皇
翰林,5,2,3,宇
翰林,5,2,3,宙
翰林,5,2,3,付
翰林,5,2,3,簽
翰林,5,2,3,擅
翰林,5,2,3,拘
翰林,5,2,3,厚
翰林,5,2,3,欲
翰林,5,2,3,璞
翰林,5,2,3,屬
翰林,5,2,4,採
翰林,5,2,4,殘
翰林,5,2,4,藹
翰林,5,2,4,爽
翰林,5,2,4,撼
翰林,5,2,4,慈
翰林,5,2,4,驕
翰林,5,2,4,傲
翰林,5,2,4,尷
翰林,5,2,4,尬
翰林,5,2,4,恢
翰林,5,2,4,輝
翰林,5,2,4,甚
翰林,5,2,4,佩
翰林,5,2,4,怨
翰林,5,2,4,悔
翰林,5,2,4,偏
翰林,5,2,4,奉
翰林,5,2,4,私
翰林,5,2,5,派
翰林,5,2,5,囑
翰林,5,2,5,咐
翰林,5,2,5,武
翰林,5,2,5,肉
翰林,5,2,5,幼
翰林,5,2,5,裕
翰林,5,2,5,哲
翰林,5,2,5,悟
翰林,5,2,5,憐
翰林,5,2,5,末
翰林,5,2,5,誠
翰林,5,2,5,慎
翰林,5,2,5,瞄
翰林,5,2,5,錶
翰林,5,2,5,礙
翰林,5,2,5,攔
翰林,5,2,5,阻
翰林,5,2,5,乞
翰林,5,2,6,瀰
翰林,5,2,6,暫
翰林,5,2,6,耍
翰林,5,2,6,猛
翰林,5,2,6,索
翰林,5,2,6,煞
翰林,5,2,6,肅
翰林,5,2,6,替
翰林,5,2,6,否
翰林,5,2,6,鬼
翰林,5,2,6,蓆
翰林,5,2,6,嗅
翰林,5,2,6,聯
翰林,5,2,6,絡
翰林,5,2,6,簿
翰林,5,2,6,塗
翰林,5,2,7,縷
翰林,5,2,7,勸
翰林,5,2,7,莫
翰林,5,2,7,堪
翰林,5,2,7,編
翰林,5,2,7,禿
翰林,5,2,7,椏
翰林,5,2,7,畝
翰林,5,2,7,鑑
翰林,5,2,7,渠
翰林,5,2,7,激
翰林,5,2,7,陰
翰林,5,2,7,遺
翰林,5,2,7,憾
翰林,5,2,7,繪
翰林,5,2,7,竭
翰林,5,2,7,絕
翰林,5,2,8,媒
翰林,5,2,8,謂
翰林,5,2,8,詳
翰林,5,2,8,泛
翰林,5,2,8,繁
翰林,5,2,8,哏
翰林,5,2,8,詼
翰林,5,2,8,瀏
翰林,5,2,8,略
翰林,5,2,8,刪
翰林,5,2,8,篇
翰林,5,2,8,婦
翰林,5,2,8,頁
翰林,5,2,8,價
翰林,5,2,8,擷
翰林,5,2,8,誤
翰林,5,2,8,澄
翰林,5,2,8,謠
翰林,5,2,8,妨
翰林,5,2,9,疏
翰林,5,2,9,謹
翰林,5,2,9,懇
翰林,5,2,9,誼
翰林,5,2,9,訓
翰林,5,2,9,委
翰林,5,2,9,婉
翰林,5,2,9,懈
翰林,5,2,9,刀
翰林,5,2,9,迥
翰林,5,2,9,恰
翰林,5,2,9,勵
翰林,5,2,9,渾
翰林,5,2,9,獲
翰林,5,2,9,敵
翰林,5,2,9,仗
翰林,5,2,9,榮
翰林,5,2,9,劍
翰林,5,2,10,呎
翰林,5,2,10,鼻
翰林,5,2,10,廓
翰林,5,2,10,劑
翰林,5,2,10,娓
翰林,5,2,10,邏
翰林,5,2,10,輯
翰林,5,2,10,瀑
翰林,5,2,10,謬
翰林,5,2,10,露
翰林,5,2,10,釋
翰林,5,2,10,黝
翰林,5,2,10,腕
翰林,5,2,10,皙
翰林,5,2,10,臂
翰林,5,2,11,帳
翰林,5,2,11,辭
翰林,5,2,11,督
翰林,5,2,11,殺
翰林,5,2,11,侍
翰林,5,2,11,酬
翰林,5,2,11,詐
翰林,5,2,11,匠
翰林,5,2,11,延
翰林,5,2,11,幔
翰林,5,2,11,紮
翰林,5,2,11,營
翰林,5,2,11,牽
翰林,5,2,11,吶
翰林,5,2,11,率
翰林,5,2,11,抵
翰林,5,2,11,擋
翰林,5,2,11,恍
翰林,5,2,11,丞
翰林,5,2,11,庫
翰林,5,2,12,佳
翰林,5,2,12,避
翰林,5,2,12,儘
翰林,5,2,12,茅
翰林,5,2,12,睿
翰林,5,2,12,鏟
翰林,5,2,12,鬍
翰林,5,2,12,虛
翰林,5,2,12,呻
翰林,5,2,12,血
翰林,5,2,12,疲
翰林,5,2,12,累
翰林,5,2,12,檻
翰林,5,2,12,諒
翰林,5,2,12,財
翰林,5,2,12,誓
翰林,5,2,12,仇
翰林,5,2,12,宮
翰林,5,2,12,豁
翰林,6,1,1,皺
翰林,6,1,1,晃
翰林,6,1,1,弄
翰林,6,1,1,摯
翰林,6,1,1,蝴
翰林,6,1,1,蝶
翰林,6,1,1,蛹
翰林,6,1,1,翼
翰林,6,1,1,註
翰林,6,1,1,儲
翰林,6,1,2,眶
翰林,6,1,2,固
翰林,6,1,2,執
翰林,6,1,2,辯
翰林,6,1,2,胞
翰林,6,1,2,胎
翰林,6,1,2,盼
翰林,6,1,2,郵
翰林,6,1,2,暈
翰林,6,1,2,稚
翰林,6,1,2,慘
翰林,6,1,2,憤
翰林,6,1,2,慨
翰林,6,1,2,狠
翰林,6,1,2,憂
翰林,6,1,2,涕
翰林,6,1,2,慰
翰林,6,1,2,寞
翰林,6,1,3,杏
翰林,6,1,3,婆
翰林,6,1,3,娑
翰林,6,1,3,鏗
翰林,6,1,3,鏘
翰林,6,1,3,撫
翰林,6,1,3,壇
翰林,6,1,3,徒
翰林,6,1,3,鍊
翰林,6,1,3,曰
翰林,6,1,3,矣
翰林,6,1,3,舊
翰林,6,1,3,焉
翰林,6,1,3,亦
翰林,6,1,3,辨
翰林,6,1,3,警
翰林,6,1,3,惕
翰林,6,1,3,慧
翰林,6,1,4,鰭
翰林,6,1,4,划
翰林,6,1,4,奧
翰林,6,1,4,仿
翰林,6,1,4,迫
翰林,6,1,4,蚊
翰林,6,1,4,膚
翰林,6,1,4,鋸
翰林,6,1,4,劃
翰林,6,1,4,擴
翰林,6,1,4,液
翰林,6,1,4,奈
翰林,6,1,4,構
翰林,6,1,4,鵰
翰林,6,1,4,霸
翰林,6,1,4,翹
翰林,6,1,4,垂
翰林,6,1,5,施
翰林,6,1,5,濘
翰林,6,1,5,躁
翰林,6,1,5,霎
翰林,6,1,5,幹
翰林,6,1,5,典
翰林,6,1,5,賀
翰林,6,1,5,遮
翰林,6,1,5,雋
翰林,6,1,5,踏
翰林,6,1,5,穩
翰林,6,1,5,稀
翰林,6,1,5,襟
翰林,6,1,5,仁
翰林,6,1,5,酥
翰林,6,1,5,庇
翰林,6,1,5,栽
翰林,6,1,6,嘲
翰林,6,1,6,詼
翰林,6,1,6,僵
翰林,6,1,6,侃
翰林,6,1,6,競
翰林,6,1,6,醜
翰林,6,1,6,哄
翰林,6,1,6,判
翰林,6,1,6,諷
翰林,6,1,6,丐
翰林,6,1,6,貶
翰林,6,1,6,捏
翰林,6,1,6,吻
翰林,6,1,6,坦
翰林,6,1,6,魅
翰林,6,1,7,姨
翰林,6,1,7,雕
翰林,6,1,7,拓
翰林,6,1,7,蕨
翰林,6,1,7,梅
翰林,6,1,7,佇
翰林,6,1,7,冽
翰林,6,1,7,澤
翰林,6,1,7,苞
翰林,6,1,7,錦
翰林,6,1,7,鄒
翰林,6,1,7,眨
翰林,6,1,7,鏽
翰林,6,1,7,鋼
翰林,6,1,7,涵
翰林,6,1,7,銅
翰林,6,1,7,籍
翰林,6,1,7,略
翰林,6,1,8,墩
翰林,6,1,8,塗
翰林,6,1,8,撇
翰林,6,1,8,咧
翰林,6,1,8,攏
翰林,6,1,8,副
翰林,6,1,8,羈
翰林,6,1,8,伙
翰林,6,1,8,鈔
翰林,6,1,8,幣
翰林,6,1,8,喇
翰林,6,1,8,脹
翰林,6,1,8,筋
翰林,6,1,8,儼
翰林,6,1,8,廂
翰林,6,1,8,弦
翰林,6,1,8,矩
翰林,6,1,8,羨
翰林,6,1,9,鬟
翰林,6,1,9,涯
翰林,6,1,9,劈
翰林,6,1,9,腿
翰林,6,1,9,倍
翰林,6,1,9,邁
翰林,6,1,9,獅
翰林,6,1,9,丑
翰林,6,1,9,甘
翰林,6,1,9,井
翰林,6,1,9,騰
翰林,6,1,9,素
翰林,6,1,9,絢
翰林,6,1,9,柱
翰林,6,1,9,吊
翰林,6,1,9,蘭
翰林,6,1,9,尤
翰林,6,1,10,莊
翰林,6,1,10,暢
翰林,6,1,10,黍
翰林,6,1,10,郭
翰林,6,1,10,斜
翰林,6,1,10,軒
翰林,6,1,10,桑
翰林,6,1,10,菊
翰林,6,1,10,穀
翰林,6,1,10,曆
翰林,6,1,10,綿
翰林,6,1,10,殷
翰林,6,1,10,勤
翰林,6,1,10,樸
翰林,6,1,10,訂
翰林,6,1,11,蹋
翰林,6,1,11,愁
翰林,6,1,11,岩
翰林,6,1,11,濤
翰林,6,1,11,洶
翰林,6,1,11,湧
翰林,6,1,11,瑣
翰林,6,1,11,礫
翰林,6,1,11,豆
翰林,6,1,11,鹽
翰林,6,1,11,叨
翰林,6,1,11,泣
翰林,6,1,11,頰
翰林,6,1,11,蟹
翰林,6,1,11,挽
翰林,6,1,12,銜
翰林,6,1,12,割
翰林,6,1,12,嫁
翰林,6,1,12,辛
翰林,6,1,12,販
翰林,6,1,12,憑
翰林,6,1,12,鑿
翰林,6,1,12,傢
翰林,6,1,12,駁
翰林,6,1,12,誣
翰林,6,1,12,監
翰林,6,1,12,蒂
翰林,6,1,12,莖
翰林,6,1,12,粗
翰林,6,1,12,毫
翰林,6,2,1,遛
翰林,6,2,1,逛
翰林,6,2,1,繫
翰林,6,2,1,陌
翰林,6,2,1,俐
翰林,6,2,1,醬
翰林,6,2,1,咖
翰林,6,2,1,啡
翰林,6,2,1,倚
翰林,6,2,1,貨
翰林,6,2,1,築
翰林,6,2,1,恨
翰林,6,2,1,贈
翰林,6,2,1,剌
翰林,6,2,1,豔
翰林,6,2,1,辣
翰林,6,2,1,襯
翰林,6,2,1,托
翰林,6,2,1,彰
翰林,6,2,1,購
翰林,6,2,2,疆
翰林,6,2,2,港
翰林,6,2,2,摒
翰林,6,2,2,諺
翰林,6,2,2,罐
翰林,6,2,2,驢
翰林,6,2,2,馱
翰林,6,2,2,衰
翰林,6,2,2,盜
翰林,6,2,2,頤
翰林,6,2,2,怖
翰林,6,2,2,嘶
翰林,6,2,2,啞
翰林,6,2,2,嗓
翰林,6,2,2,嚥
翰林,6,2,2,爪
翰林,6,2,2,梁
翰林,6,2,2,喻
翰林,6,2,2,惦
翰林,6,2,2,初
翰林,6,2,3,踝
翰林,6,2,3,絨
翰林,6,2,3,號
翰林,6,2,3,濺
翰林,6,2,3,屈
翰林,6,2,3,嫌
翰林,6,2,3,埃
翰林,6,2,3,縱
翰林,6,2,3,攝
翰林,6,2,3,氏
翰林,6,2,3,逢
翰林,6,2,3,倨
翰林,6,2,3,嗤
翰林,6,2,3,欠
翰林,6,2,3,陋
翰林,6,2,3,寡
翰林,6,2,3,嗯
翰林,6,2,4,戎
翰林,6,2,4,李
翰林,6,2,4,劉
翰林,6,2,4,彙
翰林,6,2,4,晉
翰林,6,2,4,軼
翰林,6,2,4,撰
翰林,6,2,4,遣
翰林,6,2,4,辭
翰林,6,2,4,栩
翰林,6,2,4,唯
翰林,6,2,4,濬
翰林,6,2,4,致
翰林,6,2,4,纍
翰林,6,2,4,澀
翰林,6,2,4,賅
翰林,6,2,4,敘
翰林,6,2,4,述
翰林,6,2,5,巷
翰林,6,2,5,凰
翰林,6,2,5,葵
翰林,6,2,5,巔
翰林,6,2,5,盎
翰林,6,2,5,梭
翰林,6,2,5,緯
翰林,6,2,5,勺
翰林,6,2,5,晶
翰林,6,2,5,瑩
翰林,6,2,5,攪
翰林,6,2,5,拌
翰林,6,2,5,剪
翰林,6,2,5,裁
翰林,6,2,5,鋁
翰林,6,2,5,防
翰林,6,2,5,鈴
翰林,6,2,5,逝
翰林,6,2,5,恆
翰林,6,2,5,恬
翰林,6,2,6,輔
翰林,6,2,6,仆
翰林,6,2,6,傾
翰林,6,2,6,窘
翰林,6,2,6,貧
翰林,6,2,6,兼
翰林,6,2,6,職
翰林,6,2,6,畢
翰林,6,2,6,飢
翰林,6,2,6,刊
翰林,6,2,6,斤
翰林,6,2,6,貸
翰林,6,2,6,捍
翰林,6,2,6,含
翰林,6,2,6,歧
翰林,6,2,6,抑
翰林,6,2,6,濟
翰林,6,2,6,績
翰林,6,2,6,凌
翰林,6,2,6,妨
翰林,6,2,,勃
翰林,6,2,,爆
翰林,6,2,,誌
翰林,6,2,,抗
翰林,6,2,,拒
翰林,6,2,,琳
翰林,6,2,,瑯
翰林,6,2,,偽
翰林,6,2,,玄
翰林,6,2,,瀏
翰林,6,2,,贊
翰林,6,2,,荐
翰林,6,2,,頻
翰林,6,2,,曝
翰林,6,2,,賴
翰林,6,2,,策
翰林,6,2,,咯
翰林,6,2,7,驅
翰林,6,2,7,衷
翰林,6,2,7,迭
翰林,6,2,7,滯
翰林,6,2,7,崗
翰林,6,2,7,謂
翰林,6,2,7,秉
翰林,6,2,7,俱
翰林,6,2,7,誕
翰林,6,2,7,旺
翰林,6,2,7,鑰
翰林,6,2,7,匙
翰林,6,2,7,挫
翰林,6,2,7,蔽
翰林,6,2,7,域
翰林,6,2,7,侷
翰林,6,2,7,掘
翰林,6,2,7,釐
翰林,6,2,7,燃
翰林,6,2,8,駕
翰林,6,2,8,拈
翰林,6,2,8,豬
翰林,6,2,8,蜘
翰林,6,2,8,蛛
翰林,6,2,8,詫
翰林,6,2,8,啼
翰林,6,2,8,抉
翰林,6,2,8,苛
翰林,6,2,8,塌
翰林,6,2,8,稿
翰林,6,2,8,湛
翰林,6,2,8,鍛
翰林,6,2,8,旨
翰林,6,2,8,柢
翰林,6,2,8,茁
翰林,6,2,8,懵
翰林,6,2,8,驟
翰林,6,2,9,雛
翰林,6,2,9,膛
翰林,6,2,9,芒
翰林,6,2,9,啾
翰林,6,2,9,拙
翰林,6,2,9,懼
翰林,6,2,9,凶
翰林,6,2,9,漲
翰林,6,2,9,鷗
翰林,6,2,9,嘹
翰林,6,2,9,滔
翰林,6,2,9,襲
翰林,6,2,9,陷
翰林,6,2,9,阱
翰林,6,2,,嚀
翰林,6,2,,遞
翰林,6,2,,哼
翰林,6,2,,哨
翰林,6,2,,碼
翰林,6,2,,薰
翰林,6,2,,陶
翰林,6,2,,眸
翰林,6,2,,爍
翰林,6,2,,蔥
翰林,6,2,,蓓
翰林,6,2,,蕾
翰林,6,2,,跨
翰林,6,2,,渺
翰林,6,2,,姓
翰林,6,2,,擻
翰林,6,2,,禱
翰林,6,2,,畏
康軒,1,1,,一
康軒,1,1,,二
康軒,1,1,,三
康軒,1,1,,四
康軒,1,1,,五
康軒,1,1,,六
康軒,1,1,,七
康軒,1,1,,八
康軒,1,1,,九
康軒,1,1,,十
康軒,1,1,1,拍
康軒,1,1,1,手
康軒,1,1,1,左
康軒,1,1,1,右
康軒,1,1,1,你
康軒,1,1,1,他
康軒,1,1,1,也
康軒,1,1,1,上
康軒,1,1,1,下
康軒,1,1,2,這
康軒,1,1,2,是
康軒,1,1,2,誰
康軒,1,1,2,的
康軒,1,1,2,我
康軒,1,1,2,分
康軒,1,1,2,好
康軒,1,1,2,了
康軒,1,1,2,啊
康軒,1,1,2,多
康軒,1,1,2,個
康軒,1,1,3,秋
康軒,1,1,3,千
康軒,1,1,3,和
康軒,1,1,3,玩
康軒,1,1,3,陪
康軒,1,1,3,高
康軒,1,1,3,山
康軒,1,1,3,到
康軒,1,1,3,大
康軒,1,1,3,海
康軒,1,1,3,朋
康軒,1,1,3,友
康軒,1,1,3,們
康軒,1,1,3,起
康軒,1,1,4,子
康軒,1,1,4,小
康軒,1,1,4,課
康軒,1,1,4,兩
康軒,1,1,4,人
康軒,1,1,4,拉
康軒,1,1,4,看
康軒,1,1,4,找
康軒,1,1,4,隻
康軒,1,1,4,青
康軒,1,1,4,蛙
康軒,1,1,4,開
康軒,1,1,4,心
康軒,1,1,5,比
康軒,1,1,5,門
康軒,1,1,5,裡
康軒,1,1,5,外
康軒,1,1,5,有
康軒,1,1,5,什
康軒,1,1,5,麼
康軒,1,1,5,不
康軒,1,1,5,同
康軒,1,1,5,早
康軒,1,1,5,晚
康軒,1,1,5,王
康軒,1,1,5,主
康軒,1,1,5,又
康軒,1,1,6,路
康軒,1,1,6,長
康軒,1,1,6,白
康軒,1,1,6,花
康軒,1,1,6,紅
康軒,1,1,6,走
康軒,1,1,6,在
康軒,1,1,6,向
康軒,1,1,6,說
康軒,1,1,6,朵
康軒,1,1,6,從
康軒,1,1,6,頭
康軒,1,1,6,那
康軒,1,2,1,要
康軒,1,2,1,靜
康軒,1,2,1,天
康軒,1,2,1,空
康軒,1,2,1,雲
康軒,1,2,1,水
康軒,1,2,1,蟲
康軒,1,2,1,鳥
康軒,1,2,1,草
康軒,1,2,1,先
康軒,1,2,1,完
康軒,1,2,1,再
康軒,1,2,1,去
康軒,1,2,2,園
康軒,1,2,2,聽
康軒,1,2,2,沒
康軒,1,2,2,正
康軒,1,2,2,唱
康軒,1,2,2,著
康軒,1,2,2,輕
康軒,1,2,2,快
康軒,1,2,2,歌
康軒,1,2,2,出
康軒,1,2,2,新
康軒,1,2,2,芽
康軒,1,2,2,聞
康軒,1,2,2,身
康軒,1,2,2,香
康軒,1,2,2,呢
康軒,1,2,3,媽
康軒,1,2,3,音
康軒,1,2,3,樂
康軒,1,2,3,會
康軒,1,2,3,始
康軒,1,2,3,來
康軒,1,2,3,重
康軒,1,2,3,短
康軒,1,2,3,陣
康軒,1,2,3,過
康軒,1,2,3,後
康軒,1,2,3,吃
康軒,1,2,3,菜
康軒,1,2,3,就
康軒,1,2,3,桌
康軒,1,2,3,真
康軒,1,2,4,鞋
康軒,1,2,4,回
康軒,1,2,4,家
康軒,1,2,4,把
康軒,1,2,4,脫
康軒,1,2,4,爸
康軒,1,2,4,靠
康軒,1,2,4,見
康軒,1,2,4,像
康軒,1,2,4,船
康軒,1,2,4,港
康軒,1,2,4,口
康軒,1,2,4,享
康軒,1,2,4,受
康軒,1,2,4,溫
康軒,1,2,4,暖
康軒,1,2,5,種
康軒,1,2,5,問
康軒,1,2,5,怎
康軒,1,2,5,做
康軒,1,2,5,它
康軒,1,2,5,才
康軒,1,2,5,需
康軒,1,2,5,於
康軒,1,2,5,澆
康軒,1,2,5,陽
康軒,1,2,5,光
康軒,1,2,5,放
康軒,1,2,5,院
康軒,1,2,5,公
康軒,1,2,5,話
康軒,1,2,5,伴
康軒,1,2,6,奶
康軒,1,2,6,跟
康軒,1,2,6,班
康軒,1,2,6,床
康軒,1,2,6,弟
康軒,1,2,6,她
康軒,1,2,6,酒
康軒,1,2,6,拿
康軒,1,2,6,卡
康軒,1,2,6,片
康軒,1,2,6,給
康軒,1,2,6,寫
康軒,1,2,6,喜
康軒,1,2,6,歡
康軒,1,2,6,您
康軒,1,2,6,都
康軒,1,2,7,作
康軒,1,2,7,夢
康軒,1,2,7,躺
康軒,1,2,7,自
康軒,1,2,7,己
康軒,1,2,7,變
康軒,1,2,7,成
康軒,1,2,7,棉
康軒,1,2,7,糖
康軒,1,2,7,黑
康軒,1,2,7,鵝
康軒,1,2,7,得
康軒,1,2,7,更
康軒,1,2,7,漂
康軒,1,2,7,亮
康軒,1,2,8,妹
康軒,1,2,8,雨
康軒,1,2,8,雙
康軒,1,2,8,穿
康軒,1,2,8,滴
康軒,1,2,8,遊
康軒,1,2,8,戲
康軒,1,2,8,顆
康軒,1,2,8,珍
康軒,1,2,8,珠
康軒,1,2,8,落
康軒,1,2,8,面
康軒,1,2,8,魚
康軒,1,2,8,缸
康軒,1,2,8,金
康軒,1,2,8,游
康軒,1,2,9,彩
康軒,1,2,9,虹
康軒,1,2,9,太
康軒,1,2,9,國
康軒,1,2,9,掃
康軒,1,2,9,除
康軒,1,2,9,洗
康軒,1,2,9,淨
康軒,1,2,9,馬
康軒,1,2,9,低
康軒,1,2,9,刷
康軒,1,2,9,樹
康軒,1,2,9,葉
康軒,1,2,9,很
康軒,1,2,9,認
康軒,1,2,9,送
康軒,1,2,10,地
康軒,1,2,10,化
康軒,1,2,10,趣
康軒,1,2,10,線
康軒,1,2,10,風
康軒,1,2,10,箏
康軒,1,2,10,升
康軒,1,2,10,神
康軒,1,2,10,奇
康軒,1,2,10,跑
康軒,1,2,10,跳
康軒,1,2,10,笑
康軒,1,2,10,每
康軒,1,2,10,件
康軒,1,2,10,事
康軒,1,2,10,情
康軒,1,2,11,生
康軒,1,2,11,日
康軒,1,2,11,今
康軒,1,2,11,記
康軒,1,2,11,時
康軒,1,2,11,知
康軒,1,2,11,道
康軒,1,2,11,嗎
康軒,1,2,11,學
康軒,1,2,11,收
康軒,1,2,11,張
康軒,1,2,11,祝
康軒,1,2,11,福
康軒,1,2,11,第
康軒,1,2,11,次
康軒,1,2,11,謝
康軒,1,2,12,想
康軒,1,2,12,燈
康軒,1,2,12,前
康軒,1,2,12,點
康軒,1,2,12,半
康軒,1,2,12,清
康軒,1,2,12,楚
康軒,1,2,12,停
康軒,1,2,12,休
康軒,1,2,12,息
康軒,1,2,12,兒
康軒,1,2,12,吧
康軒,1,2,12,幫
康軒,1,2,12,加
康軒,1,2,12,油
康軒,1,2,12,慢
康軒,2,1,1,年
康軒,2,1,1,希
康軒,2,1,1,望
康軒,2,1,1,坐
康軒,2,1,1,位
康軒,2,1,1,本
康軒,2,1,1,淡
康軒,2,1,1,書
康軒,2,1,1,老
康軒,2,1,1,師
康軒,2,1,1,以
康軒,2,1,1,為
康軒,2,1,1,故
康軒,2,1,1,用
康軒,2,1,1,力
康軒,2,1,1,只
康軒,2,1,1,現
康軒,2,1,1,還
康軒,2,1,1,聲
康軒,2,1,1,矮
康軒,2,1,2,全
康軒,2,1,2,蛋
康軒,2,1,2,煎
康軒,2,1,2,圓
康軒,2,1,2,番
康軒,2,1,2,茄
康軒,2,1,2,切
康軒,2,1,2,輪
康軒,2,1,2,司
康軒,2,1,2,夾
康軒,2,1,2,吐
康軒,2,1,2,中
康軒,2,1,2,方
康軒,2,1,2,城
康軒,2,1,2,堡
康軒,2,1,2,接
康軒,2,1,2,畫
康軒,2,1,2,臉
康軒,2,1,2,餐
康軒,2,1,2,醬
康軒,2,1,3,巷
康軒,2,1,3,叔
康軒,2,1,3,貓
康軒,2,1,3,屋
康軒,2,1,3,捧
康軒,2,1,3,蝴
康軒,2,1,3,蝶
康軒,2,1,3,忙
康軒,2,1,3,娶
康軒,2,1,3,娘
康軒,2,1,3,黃
康軒,2,1,3,筆
康軒,2,1,3,打
康軒,2,1,3,扮
康軒,2,1,3,樣
康軒,2,1,3,越
康軒,2,1,3,美
康軒,2,1,3,麗
康軒,2,1,3,牆
康軒,2,1,3,模
康軒,2,1,4,運
康軒,2,1,4,動
康軒,2,1,4,飄
康軒,2,1,4,熱
康軒,2,1,4,鬧
康軒,2,1,4,舞
康軒,2,1,4,哇
康軒,2,1,4,往
康軒,2,1,4,容
康軒,2,1,4,步
康軒,2,1,4,汗
康軒,2,1,4,腳
康軒,2,1,4,協
康軒,2,1,4,聲
康軒,2,1,4,河
康軒,2,1,4,氣
康軒,2,1,4,最
康軒,2,1,4,可
康軒,2,1,4,賽
康軒,2,1,4,拔
康軒,2,1,5,竹
康軒,2,1,5,籃
康軒,2,1,5,鄉
康軒,2,1,5,南
康軒,2,1,5,暑
康軒,2,1,5,假
康軒,2,1,5,帶
康軒,2,1,5,等
康軒,2,1,5,跨
康軒,2,1,5,划
康軒,2,1,5,吹
康軒,2,1,5,邊
康軒,2,1,5,叫
康軒,2,1,5,原
康軒,2,1,5,近
康軒,2,1,5,捕
康軒,2,1,5,活
康軒,2,1,5,識
康軒,2,1,5,碗
康軒,2,1,5,轉
康軒,2,1,6,鎮
康軒,2,1,6,餅
康軒,2,1,6,節
康軒,2,1,6,因
康軒,2,1,6,此
康軒,2,1,6,進
康軒,2,1,6,排
康軒,2,1,6,遠
康軒,2,1,6,色
康軒,2,1,6,愛
康軒,2,1,6,月
康軒,2,1,6,乾
康軒,2,1,6,甜
康軒,2,1,6,客
康軒,2,1,6,買
康軒,2,1,6,親
康軒,2,1,6,如
康軒,2,1,6,意
康軒,2,1,6,柿
康軒,2,1,6,埔
康軒,2,1,7,衣
康軒,2,1,7,胖
康軒,2,1,7,針
康軒,2,1,7,簡
康軒,2,1,7,單
康軒,2,1,7,聰
康軒,2,1,7,明
康軒,2,1,7,臣
康軒,2,1,7,敢
康軒,2,1,7,東
康軒,2,1,7,西
康軒,2,1,7,直
康軒,2,1,7,棒
康軒,2,1,7,街
康軒,2,1,7,滿
康軒,2,1,7,眼
康軒,2,1,7,哪
康軒,2,1,7,思
康軒,2,1,7,裳
康軒,2,1,7,慌
康軒,2,1,8,渴
康軒,2,1,8,烏
康軒,2,1,8,喝
康軒,2,1,8,瓶
康軒,2,1,8,法
康軒,2,1,8,森
康軒,2,1,8,林
康軒,2,1,8,物
康軒,2,1,8,旅
康軒,2,1,8,行
康軒,2,1,8,午
康軒,2,1,8,裝
康軒,2,1,8,許
康軒,2,1,8,石
康軒,2,1,8,難
康軒,2,1,8,忘
康軒,2,1,8,哈
康軒,2,1,8,但
康軒,2,1,8,熊
康軒,2,1,8,鴉
康軒,2,1,9,象
康軒,2,1,9,操
康軒,2,1,9,粗
康軒,2,1,9,腿
康軒,2,1,9,柱
康軒,2,1,9,砍
康軒,2,1,9,幾
康軒,2,1,9,部
康軒,2,1,9,搖
康軒,2,1,9,沖
康軒,2,1,9,首
康軒,2,1,9,牽
康軒,2,1,9,沉
康軒,2,1,9,少
康軒,2,1,9,沿
康軒,2,1,9,然
康軒,2,1,9,紀
康軒,2,1,9,竟
康軒,2,1,9,曹
康軒,2,1,9,秤
康軒,2,1,10,雪
康軒,2,1,10,梨
康軒,2,1,10,夜
康軒,2,1,10,卻
康軒,2,1,10,冷
康軒,2,1,10,冬
康軒,2,1,10,臺
康軒,2,1,10,季
康軒,2,1,10,相
康軒,2,1,10,反
康軒,2,1,10,煙
康軒,2,1,10,火
康軒,2,1,10,待
康軒,2,1,10,雖
康軒,2,1,10,春
康軒,2,1,10,貨
康軒,2,1,10,期
康軒,2,1,10,飯
康軒,2,1,10,灣
康軒,2,1,10,綻
康軒,2,1,11,皮
康軒,2,1,11,具
康軒,2,1,11,飛
康軒,2,1,11,者
康軒,2,1,11,洋
康軒,2,1,11,寒
康軒,2,1,11,北
康軒,2,1,11,嘴
康軒,2,1,11,伸
康軒,2,1,11,飽
康軒,2,1,11,沙
康軒,2,1,11,急
康軒,2,1,11,服
康軒,2,1,11,站
康軒,2,1,11,翅
康軒,2,1,11,膀
康軒,2,1,11,充
康軒,2,1,11,念
康軒,2,1,11,戴
康軒,2,1,11,扁
康軒,2,1,12,灰
康軒,2,1,12,涼
康軒,2,1,12,牠
康軒,2,1,12,鼓
康軒,2,1,12,絡
康軒,2,1,12,欣
康軒,2,1,12,發
康軒,2,1,12,居
康軒,2,1,12,冒
康軒,2,1,12,冰
康軒,2,1,12,圍
康軒,2,1,12,咪
康軒,2,1,12,幸
康軒,2,1,12,團
康軒,2,1,12,聚
康軒,2,1,12,愉
康軒,2,1,12,鍋
康軒,2,1,12,妙
康軒,2,1,12,聊
康軒,2,2,1,顏
康軒,2,2,1,池
康軒,2,2,1,塘
康軒,2,2,1,藍
康軒,2,2,1,田
康軒,2,2,1,洞
康軒,2,2,1,綠
康軒,2,2,1,蜜
康軒,2,2,1,蜂
康軒,2,2,1,窩
康軒,2,2,1,粉
康軒,2,2,1,桃
康軒,2,2,1,興
康軒,2,2,1,處
康軒,2,2,1,景
康軒,2,2,1,鼠
康軒,2,2,1,燕
康軒,2,2,2,裳
康軒,2,2,2,驚
康軒,2,2,2,所
康軒,2,2,2,躲
康軒,2,2,2,房
康軒,2,2,2,間
康軒,2,2,2,討
康軒,2,2,2,論
康軒,2,2,2,指
康軒,2,2,2,裙
康軒,2,2,2,而
康軒,2,2,2,且
康軒,2,2,2,紫
康軒,2,2,2,將
康軒,2,2,2,工
康軒,2,2,2,合
康軒,2,2,2,貼
康軒,2,2,2,候
康軒,2,2,2,剪
康軒,2,2,2,慶
康軒,2,2,3,座
康軒,2,2,3,對
康軒,2,2,3,微
康軒,2,2,3,表
康軒,2,2,3,各
康軒,2,2,3,突
康軒,2,2,3,強
康軒,2,2,3,被
康軒,2,2,3,綻
康軒,2,2,3,特
康軒,2,2,3,舌
康軒,2,2,3,賞
康軒,2,2,3,果
康軒,2,2,3,定
康軒,2,2,3,互
康軒,2,2,3,換
康軒,2,2,3,共
康軒,2,2,3,漸
康軒,2,2,3,壞
康軒,2,2,3,融
康軒,2,2,4,散
康軒,2,2,4,芒
康軒,2,2,4,透
康軒,2,2,4,暗
康軒,2,2,4,照
康軒,2,2,4,掛
康軒,2,2,4,角
康軒,2,2,4,揚
康軒,2,2,4,星
康軒,2,2,4,閃
康軒,2,2,4,晶
康軒,2,2,4,當
康軒,2,2,4,睡
康軒,2,2,4,悄
康軒,2,2,4,常
康軒,2,2,4,旁
康軒,2,2,4,臂
康軒,2,2,4,永
康軒,2,2,4,窗
康軒,2,2,4,避
康軒,2,2,5,剛
康軒,2,2,5,品
康軒,2,2,5,爺
康軒,2,2,5,採
康軒,2,2,5,蕉
康軒,2,2,5,軍
康軒,2,2,5,告
康軒,2,2,5,訴
康軒,2,2,5,辛
康軒,2,2,5,苦
康軒,2,2,5,流
康軒,2,2,5,堅
康軒,2,2,5,固
康軒,2,2,5,安
康軒,2,2,5,寶
康軒,2,2,5,貝
康軒,2,2,5,幅
康軒,2,2,5,管
康軒,2,2,5,機
康軒,2,2,5,蓋
康軒,2,2,6,教
康軒,2,2,6,室
康軒,2,2,6,棵
康軒,2,2,6,及
康軒,2,2,6,終
康軒,2,2,6,立
康軒,2,2,6,刻
康軒,2,2,6,抱
康軒,2,2,6,並
康軒,2,2,6,猜
康軒,2,2,6,文
康軒,2,2,6,借
康軒,2,2,6,枝
康軒,2,2,6,鉛
康軒,2,2,6,校
康軒,2,2,6,車
康軒,2,2,6,哥
康軒,2,2,6,牛
康軒,2,2,6,騎
康軒,2,2,6,踏
康軒,2,2,7,久
康軒,2,2,7,條
康軒,2,2,7,祕
康軒,2,2,7,兔
康軒,2,2,7,其
康軒,2,2,7,猴
康軒,2,2,7,病
康軒,2,2,7,探
康軒,2,2,7,體
康軒,2,2,7,惜
康軒,2,2,7,無
康軒,2,2,7,辦
康軒,2,2,7,之
康軒,2,2,7,請
康軒,2,2,7,鼻
康軒,2,2,7,吸
康軒,2,2,7,模
康軒,2,2,7,度
康軒,2,2,7,挖
康軒,2,2,7,坑
康軒,2,2,8,狗
康軒,2,2,8,雞
康軒,2,2,8,經
康軒,2,2,8,怪
康軒,2,2,8,羊
康軒,2,2,8,鴨
康軒,2,2,8,信
康軒,2,2,8,錯
康軒,2,2,8,睛
康軒,2,2,8,仔
康軒,2,2,8,細
康軒,2,2,8,能
康軒,2,2,8,消
康軒,2,2,8,傳
康軒,2,2,8,嚇
康軒,2,2,8,忍
康軒,2,2,8,住
康軒,2,2,8,顧
康軒,2,2,8,議
康軒,2,2,8,鴕
康軒,2,2,9,良
康軒,2,2,9,孩
康軒,2,2,9,錢
康軒,2,2,9,醒
康軒,2,2,9,尾
康軒,2,2,9,巴
康軒,2,2,9,村
康軒,2,2,9,貪
康軒,2,2,9,皇
康軒,2,2,9,帝
康軒,2,2,9,派
康軒,2,2,9,抓
康軒,2,2,9,銀
康軒,2,2,9,准
康軒,2,2,9,島
康軒,2,2,9,元
康軒,2,2,9,波
康軒,2,2,9,浪
康軒,2,2,9,艘
康軒,2,2,9,掀
康軒,2,2,10,熊
康軒,2,2,10,朝
康軒,2,2,10,踮
康軒,2,2,10,尖
康軒,2,2,10,木
康軒,2,2,10,架
康軒,2,2,10,些
康軒,2,2,10,足
康軒,2,2,10,蹈
康軒,2,2,10,轉
康軒,2,2,10,趕
康軒,2,2,10,耳
康軒,2,2,10,啄
康軒,2,2,10,袋
康軒,2,2,10,鼠
康軒,2,2,10,摸
康軒,2,2,10,讀
康軒,2,2,10,琅
康軒,2,2,10,邀
康軒,2,2,10,蹦
康軒,2,2,11,圖
康軒,2,2,11,館
康軒,2,2,11,參
康軒,2,2,11,題
康軒,2,2,11,士
康軒,2,2,11,講
康軒,2,2,11,甲
康軒,2,2,11,形
康軒,2,2,11,志
康軒,2,2,11,約
康軒,2,2,11,數
康軒,2,2,11,迎
康軒,2,2,11,交
康軒,2,2,11,令
康軒,2,2,11,世
康軒,2,2,11,界
康軒,2,2,11,顯
康軒,2,2,11,庫
康軒,2,2,11,索
康軒,2,2,11,奧
康軒,2,2,12,巨
康軒,2,2,12,累
康軒,2,2,12,髮
康軒,2,2,12,根
康軒,2,2,12,牆
康軒,2,2,12,狂
康軒,2,2,12,呼
康軒,2,2,12,差
康軒,2,2,12,睜
康軒,2,2,12,緊
康軒,2,2,12,餓
康軒,2,2,12,百
康軒,2,2,12,食
康軒,2,2,12,桶
康軒,2,2,12,倒
康軒,2,2,12,量
康軒,2,2,12,底
康軒,3,1,1,字
康軒,3,1,1,舟
康軒,3,1,1,灑
康軒,3,1,1,載
康軒,3,1,1,讓
康軒,3,1,1,愁
康軒,3,1,1,嘆
康軒,3,1,1,忌
康軒,3,1,1,妒
康軒,3,1,1,訣
康軒,3,1,1,似
康軒,3,1,1,練
康軒,3,1,1,習
康軒,3,1,2,名
康軒,3,1,2,窗
康軒,3,1,2,戶
康軒,3,1,2,板
康軒,3,1,2,答
康軒,3,1,2,案
康軒,3,1,2,專
康軒,3,1,2,穫
康軒,3,1,2,已
康軒,3,1,2,傘
康軒,3,1,2,喊
康軒,3,1,2,章
康軒,3,1,2,詞
康軒,3,1,2,語
康軒,3,1,2,歪
康軒,3,1,2,霧
康軒,3,1,2,晃
康軒,3,1,2,亂
康軒,3,1,3,繞
康軒,3,1,3,由
康軒,3,1,3,迷
康軒,3,1,3,失
康軒,3,1,3,岸
康軒,3,1,3,撞
康軒,3,1,3,扶
康軒,3,1,3,急
康軒,3,1,3,店
康軒,3,1,3,機
康軒,3,1,3,料
康軒,3,1,3,實
康軒,3,1,3,留
康軒,3,1,3,觀
康軒,3,1,3,暴
康軒,3,1,3,闆
康軒,3,1,3,葡
康軒,3,1,3,萄
康軒,3,1,4,露
康軒,3,1,4,懷
康軒,3,1,4,居
康軒,3,1,4,準
康軒,3,1,4,射
康軒,3,1,4,刺
康軒,3,1,4,痛
康軒,3,1,4,使
康軒,3,1,4,毒
康軒,3,1,4,欺
康軒,3,1,4,負
康軒,3,1,4,感
康軒,3,1,4,遇
康軒,3,1,4,危
康軒,3,1,4,丑
康軒,3,1,4,葵
康軒,3,1,4,擺
康軒,3,1,4,觸
康軒,3,1,5,朝
康軒,3,1,5,努
康軒,3,1,5,總
康軒,3,1,5,段
康軒,3,1,5,利
康軒,3,1,5,害
康軒,3,1,5,整
康軒,3,1,5,該
康軒,3,1,5,紙
康軒,3,1,5,李
康軒,3,1,5,貴
康軒,3,1,5,必
康軒,3,1,5,通
康軒,3,1,5,場
康軒,3,1,5,絲
康軒,3,1,5,導
康軒,3,1,5,綁
康軒,3,1,5,鬆
康軒,3,1,6,女
康軒,3,1,6,非
康軒,3,1,6,關
康軒,3,1,6,澡
康軒,3,1,6,怕
康軒,3,1,6,應
康軒,3,1,6,平
康軒,3,1,6,毛
康軒,3,1,6,肚
康軒,3,1,6,蓋
康軒,3,1,6,摸
康軒,3,1,6,柔
康軒,3,1,6,揉
康軒,3,1,6,副
康軒,3,1,6,喵
康軒,3,1,6,茸
康軒,3,1,6,黏
康軒,3,1,6,膠
康軒,3,1,7,統
康軒,3,1,7,商
康軒,3,1,7,阿
康軒,3,1,7,婆
康軒,3,1,7,鐵
康軒,3,1,7,硬
康軒,3,1,7,愈
康軒,3,1,7,嚼
康軒,3,1,7,蒼
康軒,3,1,7,坡
康軒,3,1,7,憶
康軒,3,1,7,夕
康軒,3,1,7,盪
康軒,3,1,7,網
康軒,3,1,8,育
康軒,3,1,8,史
康軒,3,1,8,型
康軒,3,1,8,功
康軒,3,1,8,敗
康軒,3,1,8,守
康軒,3,1,8,護
康軒,3,1,8,勇
康軒,3,1,8,兵
康軒,3,1,8,土
康軒,3,1,8,附
康軒,3,1,8,瞭
康軒,3,1,8,頂
康軒,3,1,8,標
康軒,3,1,8,博
康軒,3,1,8,荷
康軒,3,1,8,蘭
康軒,3,1,8,鄭
康軒,3,1,8,駐
康軒,3,1,8,炮
康軒,3,1,9,溼
康軒,3,1,9,族
康軒,3,1,9,別
康軒,3,1,9,捕
康軒,3,1,9,式
康軒,3,1,9,造
康軒,3,1,9,層
康軒,3,1,9,竹
康軒,3,1,9,植
康軒,3,1,9,或
康軒,3,1,9,釣
康軒,3,1,9,智
康軒,3,1,9,慧
康軒,3,1,9,態
康軒,3,1,9,鞍
康軒,3,1,9,蓮
康軒,3,1,9,蝦
康軒,3,1,10,狐
康軒,3,1,10,里
康軒,3,1,10,兄
康軒,3,1,10,密
康軒,3,1,10,入
康軒,3,1,10,呀
康軒,3,1,10,踢
康軒,3,1,10,棄
康軒,3,1,10,酸
康軒,3,1,10,鴉
康軒,3,1,10,肉
康軒,3,1,10,塊
康軒,3,1,10,計
康軒,3,1,10,壯
康軒,3,1,10,狸
康軒,3,1,10,萬
康軒,3,1,11,悅
康軒,3,1,11,拜
康軒,3,1,11,訪
康軒,3,1,11,免
康軒,3,1,11,離
康軒,3,1,11,漫
康軒,3,1,11,盼
康軒,3,1,11,枯
康軒,3,1,11,鑽
康軒,3,1,11,恍
康軒,3,1,11,悟
康軒,3,1,11,拆
康軒,3,1,11,盛
康軒,3,1,11,隨
康軒,3,1,11,築
康軒,3,1,11,顯
康軒,3,1,11,極
康軒,3,1,12,障
康軒,3,1,12,漠
康軒,3,1,12,綿
康軒,3,1,12,央
康軒,3,1,12,男
康軒,3,1,12,複
康軒,3,1,12,疑
康軒,3,1,12,算
康軒,3,1,12,歲
康軒,3,1,12,帽
康軒,3,1,12,退
康軒,3,1,12,吞
康軒,3,1,12,蛇
康軒,3,1,12,訝
康軒,3,1,12,蟒
康軒,3,2,1,願
康軒,3,2,1,晨
康軒,3,2,1,苗
康軒,3,2,1,徐
康軒,3,2,1,嫩
康軒,3,2,1,築
康軒,3,2,1,巢
康軒,3,2,1,虔
康軒,3,2,1,誠
康軒,3,2,1,爛
康軒,3,2,1,杜
康軒,3,2,1,鮮
康軒,3,2,1,耀
康軒,3,2,1,翔
康軒,3,2,1,燦
康軒,3,2,1,鵑
康軒,3,2,1,豔
康軒,3,2,2,披
康軒,3,2,2,紗
康軒,3,2,2,順
康軒,3,2,2,垂
康軒,3,2,2,股
康軒,3,2,2,涼
康軒,3,2,2,覺
康軒,3,2,2,舒
康軒,3,2,2,味
康軒,3,2,2,軟
康軒,3,2,2,踩
康軒,3,2,2,陷
康軒,3,2,2,連
康軒,3,2,2,摺
康軒,3,2,2,撐
康軒,3,2,2,簷
康軒,3,2,2,溝
康軒,3,2,3,髮
康軒,3,2,3,鏡
康軒,3,2,3,架
康軒,3,2,3,拾
康軒,3,2,3,區
康軒,3,2,3,吵
康軒,3,2,3,麻
康軒,3,2,3,腦
康軒,3,2,3,電
康軒,3,2,3,展
康軒,3,2,3,術
康軒,3,2,3,助
康軒,3,2,3,製
康軒,3,2,3,椅
康軒,3,2,3,戴
康軒,3,2,3,雀
康軒,3,2,3,魔
康軒,3,2,3,號
康軒,3,2,4,匠
康軒,3,2,4,祖
康軒,3,2,4,宮
康軒,3,2,4,惱
康軒,3,2,4,便
康軒,3,2,4,解
康軒,3,2,4,斧
康軒,3,2,4,割
康軒,3,2,4,鋒
康軒,3,2,4,速
康軒,3,2,4,善
康軒,3,2,4,察
康軒,3,2,4,考
康軒,3,2,4,尺
康軒,3,2,4,魯
康軒,3,2,4,鈍
康軒,3,2,4,齒
康軒,3,2,4,鋸
康軒,3,2,5,市
康軒,3,2,5,倫
康軒,3,2,5,決
康軒,3,2,5,糾
康軒,3,2,5,紛
康軒,3,2,5,律
康軒,3,2,5,改
康軒,3,2,5,挖
康軒,3,2,5,設
康軒,3,2,5,議
康軒,3,2,5,員
康軒,3,2,5,付
康軒,3,2,5,費
康軒,3,2,5,建
康軒,3,2,5,敦
康軒,3,2,5,爾
康軒,3,2,5,擁
康軒,3,2,5,擠
康軒,3,2,6,慶
康軒,3,2,6,描
康軒,3,2,6,目
康軒,3,2,6,程
康軒,3,2,6,結
康軒,3,2,6,資
康軒,3,2,6,影
康軒,3,2,6,周
康軒,3,2,6,例
康軒,3,2,6,產
康軒,3,2,6,券
康軒,3,2,6,包
康軒,3,2,6,類
康軒,3,2,6,技
康軒,3,2,6,碼
康軒,3,2,6,票
康軒,3,2,6,省
康軒,3,2,6,優
康軒,3,2,7,桐
康軒,3,2,7,初
康軒,3,2,7,夏
康軒,3,2,7,腰
康軒,3,2,7,取
康軒,3,2,7,抬
康軒,3,2,7,梢
康軒,3,2,7,禮
康軒,3,2,7,肩
康軒,3,2,7,掌
康軒,3,2,7,瓣
康軒,3,2,7,鋪
康軒,3,2,7,童
康軒,3,2,7,染
康軒,3,2,7,覆
康軒,3,2,7,椏
康軒,3,2,7,簇
康軒,3,2,7,蕊
康軒,3,2,8,野
康軒,3,2,8,柳
康軒,3,2,8,質
康軒,3,2,8,岬
康軒,3,2,8,趴
康軒,3,2,8,仙
康軒,3,2,8,列
康軒,3,2,8,潤
康軒,3,2,8,岩
康軒,3,2,8,菇
康軒,3,2,8,豆
康軒,3,2,8,雕
康軒,3,2,8,塑
康軒,3,2,8,鬼
康軒,3,2,8,龜
康軒,3,2,8,燭
康軒,3,2,8,濺
康軒,3,2,8,腐
康軒,3,2,9,灣
康軒,3,2,9,冰
康軒,3,2,9,爬
康軒,3,2,9,陸
康軒,3,2,9,肺
康軒,3,2,9,膚
康軒,3,2,9,黏
康軒,3,2,9,液
康軒,3,2,9,保
康軒,3,2,9,持
康軒,3,2,9,敵
康軒,3,2,9,縫
康軒,3,2,9,伐
康軒,3,2,9,球
康軒,3,2,9,椒
康軒,3,2,9,鰓
康軒,3,2,9,隙
康軒,3,2,9,卵
康軒,3,2,10,漁
康軒,3,2,10,夫
康軒,3,2,10,婦
康軒,3,2,10,拖
康軒,3,2,10,求
康軒,3,2,10,恩
康軒,3,2,10,報
康軒,3,2,10,盆
康軒,3,2,10,值
康軒,3,2,10,寬
康軒,3,2,10,暴
康軒,3,2,10,聊
康軒,3,2,10,隆
康軒,3,2,10,破
康軒,3,2,10,藻
康軒,3,2,10,濤
康軒,3,2,10,僕
康軒,3,2,10,轟
康軒,3,2,11,鹿
康軒,3,2,11,幕
康軒,3,2,11,虎
康軒,3,2,11,布
康軒,3,2,11,夠
康軒,3,2,11,損
康軒,3,2,11,威
康軒,3,2,11,餐
康軒,3,2,11,填
康軒,3,2,11,理
康軒,3,2,11,胃
康軒,3,2,11,撲
康軒,3,2,11,槍
康軒,3,2,11,逃
康軒,3,2,11,獵
康軒,3,2,11,砰
康軒,3,2,12,跌
康軒,3,2,12,陡
康軒,3,2,12,民
康軒,3,2,12,措
康軒,3,2,12,編
康軒,3,2,12,謠
康軒,3,2,12,提
康軒,3,2,12,伯
康軒,3,2,12,萬
康軒,3,2,12,糟
康軒,3,2,12,糕
康軒,3,2,12,唉
康軒,3,2,12,救
康軒,3,2,12,毫
康軒,3,2,12,跤
康軒,4,1,1,泳
康軒,4,1,1,串
康軒,4,1,1,般
康軒,4,1,1,姿
康軒,4,1,1,溜
康軒,4,1,1,耳
康軒,4,1,1,鷹
康軒,4,1,1,滑
康軒,4,1,1,遨
康軒,4,1,1,緩
康軒,4,1,1,陀
康軒,4,1,1,螺
康軒,4,1,1,轉
康軒,4,1,1,躍
康軒,4,1,1,煩
康軒,4,1,2,招
康軒,4,1,2,湯
康軒,4,1,2,拋
康軒,4,1,2,糧
康軒,4,1,2,姐
康軒,4,1,2,爭
康軒,4,1,2,警
康軒,4,1,2,偷
康軒,4,1,2,則
康軒,4,1,2,繩
康軒,4,1,2,依
康軒,4,1,2,捨
康軒,4,1,2,束
康軒,4,1,2,暫
康軒,4,1,2,幸
康軒,4,1,3,社
康軒,4,1,3,邀
康軒,4,1,3,與
康軒,4,1,3,遙
康軒,4,1,3,投
康軒,4,1,3,熟
康軒,4,1,3,巧
康軒,4,1,3,彈
康軒,4,1,3,曾
康軒,4,1,3,揮
康軒,4,1,3,彼
康軒,4,1,3,秒
康軒,4,1,3,喧
康軒,4,1,3,優
康軒,4,1,3,弧
康軒,4,1,4,偕
康軒,4,1,4,命
康軒,4,1,4,奉
康軒,4,1,4,獻
康軒,4,1,4,醫
康軒,4,1,4,療
康軒,4,1,4,衛
康軒,4,1,4,藥
康軒,4,1,4,治
康軒,4,1,4,翻
康軒,4,1,4,嶺
康軒,4,1,4,捐
康軒,4,1,4,宿
康軒,4,1,4,堂
康軒,4,1,4,濃
康軒,4,1,5,凱
康軒,4,1,5,勒
康軒,4,1,5,業
康軒,4,1,5,勵
康軒,4,1,5,寧
康軒,4,1,5,視
康軒,4,1,5,注
康軒,4,1,5,憑
康軒,4,1,5,蓓
康軒,4,1,5,蕾
康軒,4,1,5,何
康軒,4,1,5,毯
康軒,4,1,5,適
康軒,4,1,5,繽
康軒,4,1,5,盡
康軒,4,1,6,秀
康軒,4,1,6,稱
康軒,4,1,6,朗
康軒,4,1,6,登
康軒,4,1,6,穆
康軒,4,1,6,瑪
康軒,4,1,6,峰
康軒,4,1,6,母
康軒,4,1,6,酷
康軒,4,1,6,磨
康軒,4,1,6,攀
康軒,4,1,6,氧
康軒,4,1,6,訓
康軒,4,1,6,谷
康軒,4,1,6,響
康軒,4,1,7,薄
康軒,4,1,7,烙
康軒,4,1,7,沾
康軒,4,1,7,咖
康軒,4,1,7,哩
康軒,4,1,7,印
康軒,4,1,7,甩
康軒,4,1,7,材
康軒,4,1,7,醬
康軒,4,1,7,義
康軒,4,1,7,麵
康軒,4,1,7,郁
康軒,4,1,7,壽
康軒,4,1,7,醋
康軒,4,1,7,未
康軒,4,1,8,臨
康軒,4,1,8,樓
康軒,4,1,8,頸
康軒,4,1,8,代
康軒,4,1,8,濟
康軒,4,1,8,阻
康軒,4,1,8,尼
康軒,4,1,8,器
康軒,4,1,8,震
康軒,4,1,8,京
康軒,4,1,8,晴
康軒,4,1,8,塔
康軒,4,1,8,訊
康軒,4,1,8,吉
康軒,4,1,8,橋
康軒,4,1,9,佛
康軒,4,1,9,泰
康軒,4,1,9,廟
康軒,4,1,9,華
康軒,4,1,9,尚
康軒,4,1,9,逛
康軒,4,1,9,埃
康軒,4,1,9,羅
康軒,4,1,9,勢
康軒,4,1,9,窪
康軒,4,1,9,堤
康軒,4,1,9,防
康軒,4,1,9,潮
康軒,4,1,9,鬱
康軒,4,1,9,划
康軒,4,1,10,幻
康軒,4,1,10,旋
康軒,4,1,10,扁
康軒,4,1,10,瞬
康軒,4,1,10,驗
康軒,4,1,10,牙
康軒,4,1,10,芝
康軒,4,1,10,盜
康軒,4,1,10,邁
康軒,4,1,10,困
康軒,4,1,10,龐
康軒,4,1,10,搓
康軒,4,1,10,榮
康軒,4,1,10,富
康軒,4,1,10,遍
康軒,4,1,11,背
康軒,4,1,11,錶
康軒,4,1,11,掉
康軒,4,1,11,深
康軒,4,1,11,鎖
康軒,4,1,11,鑰
康軒,4,1,11,匙
康軒,4,1,11,汁
康軒,4,1,11,示
康軒,4,1,11,迫
康軒,4,1,11,袋
康軒,4,1,11,哭
康軒,4,1,11,盒
康軒,4,1,11,扇
康軒,4,1,11,遲
康軒,4,1,12,妻
康軒,4,1,12,耐
康軒,4,1,12,革
康軒,4,1,12,賣
康軒,4,1,12,倍
康軒,4,1,12,謎
康軒,4,1,12,鐘
康軒,4,1,12,敲
康軒,4,1,12,靈
康軒,4,1,12,鎚
康軒,4,1,12,嘖
康軒,4,1,12,足
康軒,4,1,12,蹈
康軒,4,1,12,蹦
康軒,4,1,12,內
康軒,4,2,1,潔
康軒,4,2,1,環
康軒,4,2,1,境
康軒,4,2,1,甚
康軒,4,2,1,至
康軒,4,2,1,懶
康軒,4,2,1,梳
康軒,4,2,1,髒
康軒,4,2,1,臭
康軒,4,2,1,雜
康軒,4,2,1,調
康軒,4,2,1,叢
康軒,4,2,1,暢
康軒,4,2,1,格
康軒,4,2,1,言
康軒,4,2,2,川
康軒,4,2,2,缺
康軒,4,2,2,窮
康軒,4,2,2,繼
康軒,4,2,2,研
康軒,4,2,2,既
康軒,4,2,2,租
康軒,4,2,2,備
康軒,4,2,2,缽
康軒,4,2,2,緣
康軒,4,2,2,達
康軒,4,2,2,慚
康軒,4,2,2,愧
康軒,4,2,2,慮
康軒,4,2,2,絆
康軒,4,2,3,啟
康軒,4,2,3,宣
康軒,4,2,3,選
康軒,4,2,3,勤
康軒,4,2,3,健
康軒,4,2,3,厲
康軒,4,2,3,蝸
康軒,4,2,3,寸
康軒,4,2,3,駱
康軒,4,2,3,駝
康軒,4,2,3,皺
康軒,4,2,3,眉
康軒,4,2,3,艘
康軒,4,2,3,艇
康軒,4,2,3,拭
康軒,4,2,4,稻
康軒,4,2,4,米
康軒,4,2,4,粒
康軒,4,2,4,蘿
康軒,4,2,4,蔔
康軒,4,2,4,漿
康軒,4,2,4,蒸
康軒,4,2,4,鹹
康軒,4,2,4,財
康軒,4,2,4,粿
康軒,4,2,4,艾
康軒,4,2,4,康
康軒,4,2,4,粽
康軒,4,2,4,推
康軒,4,2,4,陳
康軒,4,2,5,籍
康軒,4,2,5,繪
康軒,4,2,5,版
康軒,4,2,5,介
康軒,4,2,5,峽
康軒,4,2,5,玉
康軒,4,2,5,泣
康軒,4,2,5,敏
康軒,4,2,5,癢
康軒,4,2,5,麥
康軒,4,2,5,封
康軒,4,2,5,淺
康軒,4,2,5,查
康軒,4,2,5,酵
康軒,4,2,5,讚
康軒,4,2,6,插
康軒,4,2,6,拌
康軒,4,2,6,磚
康軒,4,2,6,昂
康軒,4,2,6,繁
康軒,4,2,6,葫
康軒,4,2,6,蘆
康軒,4,2,6,彎
康軒,4,2,6,狹
康軒,4,2,6,窄
康軒,4,2,6,喻
康軒,4,2,6,曉
康軒,4,2,6,井
康軒,4,2,6,芬
康軒,4,2,6,芳
康軒,4,2,7,跡
康軒,4,2,7,移
康軒,4,2,7,搭
康軒,4,2,7,輸
康軒,4,2,7,鍵
康軒,4,2,7,盤
康軒,4,2,7,饑
康軒,4,2,7,荒
康軒,4,2,7,配
康軒,4,2,7,均
康軒,4,2,7,遷
康軒,4,2,7,致
康軒,4,2,7,惡
康軒,4,2,7,攜
康軒,4,2,7,眨
康軒,4,2,8,眾
康軒,4,2,8,領
康軒,4,2,8,獨
康軒,4,2,8,厚
康軒,4,2,8,蹼
康軒,4,2,8,趾
康軒,4,2,8,膜
康軒,4,2,8,構
康軒,4,2,8,潛
康軒,4,2,8,易
康軒,4,2,8,壁
康軒,4,2,8,舉
康軒,4,2,8,究
康軒,4,2,8,肢
康軒,4,2,8,絕
康軒,4,2,9,僅
康軒,4,2,9,號
康軒,4,2,9,姆
康軒,4,2,9,斯
康軒,4,2,9,仍
康軒,4,2,9,津
康軒,4,2,9,嘗
康軒,4,2,9,試
康軒,4,2,9,測
康軒,4,2,9,署
康軒,4,2,9,億
康軒,4,2,9,翁
康軒,4,2,9,嚮
康軒,4,2,9,引
康軒,4,2,9,催
康軒,4,2,10,豪
康軒,4,2,10,忽
康軒,4,2,10,瞧
康軒,4,2,10,灘
康軒,4,2,10,苔
康軒,4,2,10,滾
康軒,4,2,10,禁
康軒,4,2,10,際
康軒,4,2,10,廣
康軒,4,2,10,丈
康軒,4,2,10,災
康軒,4,2,10,旱
康軒,4,2,10,耗
康軒,4,2,10,遺
康軒,4,2,10,憾
康軒,4,2,11,皎
康軒,4,2,11,瘦
康軒,4,2,11,嫦
康軒,4,2,11,娥
康軒,4,2,11,搗
康軒,4,2,11,吳
康軒,4,2,11,霜
康軒,4,2,11,映
康軒,4,2,11,勾
康軒,4,2,11,浮
康軒,4,2,11,盞
康軒,4,2,11,否
康軒,4,2,11,舊
康軒,4,2,11,淚
康軒,4,2,11,孤
康軒,4,2,12,乖
康軒,4,2,12,筋
康軒,4,2,12,斗
康軒,4,2,12,箍
康軒,4,2,12,喚
康軒,4,2,12,掀
康軒,4,2,12,修
康軒,4,2,12,咒
康軒,4,2,12,橘
康軒,4,2,12,擋
康軒,4,2,12,掏
康軒,4,2,12,齊
康軒,4,2,12,聖
康軒,4,2,12,砰
康軒,4,2,12,壓
康軒,5,1,1,蚊
康軒,5,1,1,帳
康軒,5,1,1,洲
康軒,5,1,1,瘧
康軒,5,1,1,疾
康軒,5,1,1,死
康軒,5,1,1,叮
康軒,5,1,1,存
康軒,5,1,1,募
康軒,5,1,1,集
康軒,5,1,1,寄
康軒,5,1,1,贈
康軒,5,1,1,獎
康軒,5,1,1,狀
康軒,5,1,1,藏
康軒,5,1,1,誌
康軒,5,1,1,基
康軒,5,1,1,赴
康軒,5,1,2,德
康軒,5,1,2,乎
康軒,5,1,2,血
康軒,5,1,2,攝
康軒,5,1,2,颱
康軒,5,1,2,錄
康軒,5,1,2,哀
康軒,5,1,2,巒
康軒,5,1,2,縱
康軒,5,1,2,臍
康軒,5,1,2,禍
康軒,5,1,2,殘
康軒,5,1,2,檳
康軒,5,1,2,榔
康軒,5,1,2,降
康軒,5,1,2,鏟
康軒,5,1,2,汙
康軒,5,1,2,斷
康軒,5,1,3,峭
康軒,5,1,3,勁
康軒,5,1,3,聳
康軒,5,1,3,飢
康軒,5,1,3,隱
康軒,5,1,3,扯
康軒,5,1,3,銳
康軒,5,1,3,箭
康軒,5,1,3,韌
康軒,5,1,3,虯
康軒,5,1,3,鬚
康軒,5,1,3,茂
康軒,5,1,3,止
康軒,5,1,3,蔓
康軒,5,1,3,藉
康軒,5,1,3,豐
康軒,5,1,3,挫
康軒,5,1,3,折
康軒,5,1,4,恆
康軒,5,1,4,澄
康軒,5,1,4,穗
康軒,5,1,4,養
康軒,5,1,4,源
康軒,5,1,4,藝
康軒,5,1,4,樸
康軒,5,1,4,堆
康軒,5,1,4,撿
康軒,5,1,4,巾
康軒,5,1,4,痠
康軒,5,1,4,素
康軒,5,1,4,尊
康軒,5,1,4,嚴
康軒,5,1,4,勞
康軒,5,1,4,怨
康軒,5,1,4,慷
康軒,5,1,4,慨
康軒,5,1,4,滋
康軒,5,1,5,譽
康軒,5,1,5,務
康軒,5,1,5,聯
康軒,5,1,5,核
康軒,5,1,5,申
康軒,5,1,5,局
康軒,5,1,5,松
康軒,5,1,5,註
康軒,5,1,5,冊
康軒,5,1,5,企
康軒,5,1,5,歷
康軒,5,1,5,英
康軒,5,1,5,銷
康軒,5,1,5,售
康軒,5,1,5,勝
康軒,5,1,5,霸
康軒,5,1,5,項
康軒,5,1,6,娛
康軒,5,1,6,汽
康軒,5,1,6,哨
康軒,5,1,6,典
康軒,5,1,6,框
康軒,5,1,6,劇
康軒,5,1,6,父
康軒,5,1,6,責
康軒,5,1,6,判
康軒,5,1,6,鳴
康軒,5,1,6,穎
康軒,5,1,6,獲
康軒,5,1,6,佳
康軒,5,1,6,膩
康軒,5,1,6,效
康軒,5,1,6,隊
康軒,5,1,6,益
康軒,5,1,6,貌
康軒,5,1,6,官
康軒,5,1,6,增
康軒,5,1,7,逆
康軒,5,1,7,穩
康軒,5,1,7,憐
康軒,5,1,7,競
康軒,5,1,7,抗
康軒,5,1,7,逸
康軒,5,1,7,鄰
康軒,5,1,7,脈
康軒,5,1,7,絡
康軒,5,1,7,緻
康軒,5,1,7,弱
康軒,5,1,7,噴
康軒,5,1,7,嚏
康軒,5,1,7,織
康軒,5,1,7,碌
康軒,5,1,7,盎
康軒,5,1,7,膽
康軒,5,1,7,圈
康軒,5,1,7,疲
康軒,5,1,8,坦
康軒,5,1,8,性
康軒,5,1,8,恐
康軒,5,1,8,怖
康軒,5,1,8,組
康軒,5,1,8,占
康軒,5,1,8,播
康軒,5,1,8,控
康軒,5,1,8,制
康軒,5,1,8,傷
康軒,5,1,8,攻
康軒,5,1,8,擊
康軒,5,1,8,權
康軒,5,1,8,脅
康軒,5,1,8,復
康軒,5,1,8,武
康軒,5,1,8,撼
康軒,5,1,8,懼
康軒,5,1,9,維
康軒,5,1,9,戰
康軒,5,1,9,崎
康軒,5,1,9,嶇
康軒,5,1,9,拳
康軒,5,1,9,癌
康軒,5,1,9,症
康軒,5,1,9,銅
康軒,5,1,9,牌
康軒,5,1,9,屢
康軒,5,1,9,減
康軒,5,1,9,予
康軒,5,1,9,幼
康軒,5,1,9,椰
康軒,5,1,9,即
康軒,5,1,9,腐
康軒,5,1,9,衝
康軒,5,1,9,鍛
康軒,5,1,9,鍊
康軒,5,1,10,唐
康軒,5,1,10,恬
康軒,5,1,10,罷
康軒,5,1,10,暮
康軒,5,1,10,掩
康軒,5,1,10,柴
康軒,5,1,10,扉
康軒,5,1,10,歸
康軒,5,1,10,畢
康軒,5,1,10,陋
康軒,5,1,10,傍
康軒,5,1,10,確
康軒,5,1,10,閒
康軒,5,1,10,詠
康軒,5,1,10,幽
康軒,5,1,10,眠
康軒,5,1,10,職
康軒,5,1,10,吟
康軒,5,1,10,曠
康軒,5,1,11,駭
康軒,5,1,11,疤
康軒,5,1,11,痕
康軒,5,1,11,罐
康軒,5,1,11,咚
康軒,5,1,11,碰
康軒,5,1,11,傾
康軒,5,1,11,寮
康軒,5,1,11,營
康軒,5,1,11,殺
康軒,5,1,11,崇
康軒,5,1,11,置
康軒,5,1,11,奄
康軒,5,1,11,翼
康軒,5,1,11,祈
康軒,5,1,11,禱
康軒,5,1,11,吼
康軒,5,1,11,喉
康軒,5,1,11,嚨
康軒,5,1,12,烈
康軒,5,1,12,暈
康軒,5,1,12,昏
康軒,5,1,12,艙
康軒,5,1,12,途
康軒,5,1,12,捲
康軒,5,1,12,喪
康軒,5,1,12,獸
康軒,5,1,12,渾
康軒,5,1,12,擱
康軒,5,1,12,礁
康軒,5,1,12,筏
康軒,5,1,12,塌
康軒,5,1,12,捏
康軒,5,1,12,燒
康軒,5,1,12,臼
康軒,5,1,12,烤
康軒,5,1,12,爐
康軒,5,1,12,欲
康軒,5,2,1,簽
康軒,5,2,1,遞
康軒,5,2,1,傻
康軒,5,2,1,瓜
康軒,5,2,1,若
康軒,5,2,1,續
康軒,5,2,1,痺
康軒,5,2,1,患
康軒,5,2,1,握
康軒,5,2,1,博
康軒,5,2,1,聆
康軒,5,2,1,肢
康軒,5,2,1,埋
康軒,5,2,1,稿
康軒,5,2,1,雷
康軒,5,2,1,擔
康軒,5,2,1,談
康軒,5,2,1,懸
康軒,5,2,1,符
康軒,5,2,2,匹
康軒,5,2,2,怒
康軒,5,2,2,廷
康軒,5,2,2,妥
康軒,5,2,2,諫
康軒,5,2,2,閉
康軒,5,2,2,覷
康軒,5,2,2,犯
康軒,5,2,2,罪
康軒,5,2,2,仁
康軒,5,2,2,政
康軒,5,2,2,斥
康軒,5,2,2,蒙
康軒,5,2,2,羞
康軒,5,2,2,懂
康軒,5,2,2,委
康軒,5,2,2,婉
康軒,5,2,2,勸
康軒,5,2,3,輛
康軒,5,2,3,屢
康軒,5,2,3,姍
康軒,5,2,3,抵
康軒,5,2,3,迅
康軒,5,2,3,返
康軒,5,2,3,率
康軒,5,2,3,梭
康軒,5,2,3,隼
康軒,5,2,3,較
康軒,5,2,3,贏
康軒,5,2,3,逐
康軒,5,2,3,遭
康軒,5,2,3,評
康軒,5,2,3,普
康軒,5,2,3,價
康軒,5,2,3,承
康軒,5,2,3,搏
康軒,5,2,4,診
康軒,5,2,4,繃
康軒,5,2,4,緒
康軒,5,2,4,疫
康軒,5,2,4,篩
康軒,5,2,4,偉
康軒,5,2,4,雄
康軒,5,2,4,補
康軒,5,2,4,驟
康軒,5,2,4,菊
康軒,5,2,4,罩
康軒,5,2,4,塵
康軒,5,2,4,槌
康軒,5,2,4,餘
康軒,5,2,4,撥
康軒,5,2,4,廓
康軒,5,2,4,拼
康軒,5,2,4,湊
康軒,5,2,4,骨
康軒,5,2,5,盈
康軒,5,2,5,浸
康軒,5,2,5,稀
康軒,5,2,5,儲
康軒,5,2,5,寵
康軒,5,2,5,寂
康軒,5,2,5,螢
康軒,5,2,5,彷
康軒,5,2,5,彿
康軒,5,2,5,悉
康軒,5,2,5,賦
康軒,5,2,5,龍
康軒,5,2,5,冠
康軒,5,2,5,鳳
康軒,5,2,5,紋
康軒,5,2,5,飾
康軒,5,2,5,閱
康軒,5,2,5,激
康軒,5,2,5,湧
康軒,5,2,6,份
康軒,5,2,6,睹
康軒,5,2,6,杯
康軒,5,2,6,奏
康軒,5,2,6,盯
康軒,5,2,6,燦
康軒,5,2,6,魔
康軒,5,2,6,嗓
康軒,5,2,6,啞
康軒,5,2,6,咳
康軒,5,2,6,促
康軒,5,2,6,喘
康軒,5,2,6,吁
康軒,5,2,6,伏
康軒,5,2,6,唷
康軒,5,2,6,須
康軒,5,2,6,憂
康軒,5,2,6,詮
康軒,5,2,6,魅
康軒,5,2,7,淵
康軒,5,2,7,凡
康軒,5,2,7,擅
康軒,5,2,7,亦
康軒,5,2,7,橫
康軒,5,2,7,側
康軒,5,2,7,廬
康軒,5,2,7,江
康軒,5,2,7,寺
康軒,5,2,7,霧
康軒,5,2,7,瀰
康軒,5,2,7,延
康軒,5,2,7,含
康軒,5,2,7,哲
康軒,5,2,7,謂
康軒,5,2,8,珊
康軒,5,2,8,瑚
康軒,5,2,8,積
康軒,5,2,8,噸
康軒,5,2,8,垃
康軒,5,2,8,圾
康軒,5,2,8,循
康軒,5,2,8,菌
康軒,5,2,8,鉤
康軒,5,2,8,鏈
康軒,5,2,8,孔
康軒,5,2,8,倖
康軒,5,2,8,鯨
康軒,5,2,8,據
康軒,5,2,8,宜
康軒,5,2,8,估
康軒,5,2,8,廢
康軒,5,2,8,踐
康軒,5,2,8,殼
康軒,5,2,9,涵
康軒,5,2,9,葵
康軒,5,2,9,鯊
康軒,5,2,9,豚
康軒,5,2,9,抹
康軒,5,2,9,汐
康軒,5,2,9,譟
康軒,5,2,9,鏽
康軒,5,2,9,錨
康軒,5,2,9,牧
康軒,5,2,9,窺
康軒,5,2,9,筒
康軒,5,2,9,琉
康軒,5,2,9,璃
康軒,5,2,9,凸
康軒,5,2,9,襯
康軒,5,2,9,托
康軒,5,2,9,證
康軒,5,2,9,玻
康軒,5,2,10,蹟
康軒,5,2,10,蕩
康軒,5,2,10,吶
康軒,5,2,10,洪
康軒,5,2,10,誕
康軒,5,2,10,沼
康軒,5,2,10,澤
康軒,5,2,10,豹
康軒,5,2,10,栩
康軒,5,2,10,跺
康軒,5,2,10,葦
康軒,5,2,10,堪
康軒,5,2,10,洶
康軒,5,2,10,鵡
康軒,5,2,10,狼
康軒,5,2,10,絕
康軒,5,2,10,雅
康軒,5,2,10,挑
康軒,5,2,10,剔
康軒,5,2,11,婪
康軒,5,2,11,嚎
康軒,5,2,11,群
康軒,5,2,11,疼
康軒,5,2,11,魂
康軒,5,2,11,規
康軒,5,2,11,違
康軒,5,2,11,駕
康軒,5,2,11,屑
康軒,5,2,11,瀑
康軒,5,2,11,瀉
康軒,5,2,11,燃
康軒,5,2,11,噬
康軒,5,2,11,籠
康軒,5,2,11,焰
康軒,5,2,11,霆
康軒,5,2,11,俯
康軒,5,2,11,啄
康軒,5,2,12,穀
康軒,5,2,12,亡
康軒,5,2,12,授
康軒,5,2,12,臟
康軒,5,2,12,誤
康軒,5,2,12,眩
康軒,5,2,12,燥
康軒,5,2,12,咀
康軒,5,2,12,症
康軒,5,2,12,嗚
康軒,5,2,12,犧
康軒,5,2,12,牲
康軒,5,2,12,赭
康軒,5,2,12,鞭
康軒,5,2,12,檢
康軒,5,2,12,藤
康軒,5,2,12,摘
康軒,5,2,12,佑
康軒,6,1,1,級
康軒,6,1,1,軸
康軒,6,1,1,奪
康軒,6,1,1,屈
康軒,6,1,1,偏
康軒,6,1,1,搬
康軒,6,1,1,恨
康軒,6,1,1,抑
康軒,6,1,1,拒
康軒,6,1,1,尷
康軒,6,1,1,尬
康軒,6,1,1,悔
康軒,6,1,1,拱
康軒,6,1,1,距
康軒,6,1,1,默
康軒,6,1,1,鬥
康軒,6,1,1,扭
康軒,6,1,1,猛
康軒,6,1,1,愣
康軒,6,1,2,粥
康軒,6,1,2,縷
康軒,6,1,2,碗
康軒,6,1,2,綢
康軒,6,1,2,繆
康軒,6,1,2,毋
康軒,6,1,2,掘
康軒,6,1,2,纏
康軒,6,1,2,縛
康軒,6,1,2,瓦
康軒,6,1,2,缶
康軒,6,1,2,蔬
康軒,6,1,2,饈
康軒,6,1,2,腹
康軒,6,1,2,惠
康軒,6,1,2,勿
康軒,6,1,2,凡
康軒,6,1,2,預
康軒,6,1,2,悲
康軒,6,1,3,揭
康軒,6,1,3,卓
康軒,6,1,3,培
康軒,6,1,3,裁
康軒,6,1,3,瑣
康軒,6,1,3,仲
康軒,6,1,3,耕
康軒,6,1,3,賺
康軒,6,1,3,穎
康軒,6,1,3,惋
康軒,6,1,3,欠
康軒,6,1,3,驕
康軒,6,1,3,傲
康軒,6,1,3,昨
康軒,6,1,3,耘
康軒,6,1,3,隔
康軒,6,1,3,茁
康軒,6,1,4,鼎
康軒,6,1,4,擠
康軒,6,1,4,颳
康軒,6,1,4,廚
康軒,6,1,4,淋
康軒,6,1,4,晒
康軒,6,1,4,覆
康軒,6,1,4,筍
康軒,6,1,4,醃
康軒,6,1,4,攪
康軒,6,1,4,炸
康軒,6,1,4,瑩
康軒,6,1,4,饗
康軒,6,1,4,宴
康軒,6,1,4,彰
康軒,6,1,4,煮
康軒,6,1,4,豬
康軒,6,1,5,削
康軒,6,1,5,沫
康軒,6,1,5,茶
康軒,6,1,5,嗅
康軒,6,1,5,按
康軒,6,1,5,舍
康軒,6,1,5,熬
康軒,6,1,5,砂
康軒,6,1,5,混
康軒,6,1,5,焦
康軒,6,1,5,舀
康軒,6,1,5,勺
康軒,6,1,5,判
康軒,6,1,5,熄
康軒,6,1,5,騰
康軒,6,1,5,啜
康軒,6,1,5,淌
康軒,6,1,5,沛
康軒,6,1,5,舔
康軒,6,1,6,歐
康軒,6,1,6,榜
康軒,6,1,6,嫁
康軒,6,1,6,烹
康軒,6,1,6,薯
康軒,6,1,6,末
康軒,6,1,6,勁
康軒,6,1,6,稠
康軒,6,1,6,遂
康軒,6,1,6,添
康軒,6,1,6,含
康軒,6,1,6,脂
康軒,6,1,6,鹽
康軒,6,1,6,呈
康軒,6,1,6,慣
康軒,6,1,6,蹈
康軒,6,1,6,徜
康軒,6,1,6,徉
康軒,6,1,7,仰
康軒,6,1,7,緬
康軒,6,1,7,甸
康軒,6,1,7,踝
康軒,6,1,7,絨
康軒,6,1,7,濺
康軒,6,1,7,襬
康軒,6,1,7,弄
康軒,6,1,7,恣
康軒,6,1,7,批
康軒,6,1,7,徑
康軒,6,1,7,謹
康軒,6,1,7,恰
康軒,6,1,7,乏
康軒,6,1,7,皆
康軒,6,1,7,嗤
康軒,6,1,7,嗯
康軒,6,1,8,隙
康軒,6,1,8,竄
康軒,6,1,8,旨
康軒,6,1,8,悠
康軒,6,1,8,寓
康軒,6,1,8,鷸
康軒,6,1,8,狡
康軒,6,1,8,窟
康軒,6,1,8,猾
康軒,6,1,8,騙
康軒,6,1,8,偽
康軒,6,1,8,誇
康軒,6,1,8,辨
康軒,6,1,8,謊
康軒,6,1,8,諷
康軒,6,1,8,惕
康軒,6,1,8,察
康軒,6,1,8,蔽
康軒,6,1,8,虛
康軒,6,1,9,亭
康軒,6,1,9,支
康軒,6,1,9,誘
康軒,6,1,9,縣
康軒,6,1,9,懿
康軒,6,1,9,魏
康軒,6,1,9,旗
康軒,6,1,9,幟
康軒,6,1,9,崗
康軒,6,1,9,姓
康軒,6,1,9,倘
康軒,6,1,9,僮
康軒,6,1,9,薰
康軒,6,1,9,撤
康軒,6,1,9,諸
康軒,6,1,9,葛
康軒,6,1,9,慎
康軒,6,1,9,丞
康軒,6,1,10,耶
康軒,6,1,10,郊
康軒,6,1,10,慈
康軒,6,1,10,祥
康軒,6,1,10,劈
康軒,6,1,10,啪
康軒,6,1,10,零
康軒,6,1,10,厭
康軒,6,1,10,倦
康軒,6,1,10,辯
康軒,6,1,10,私
康軒,6,1,10,貧
康軒,6,1,10,係
康軒,6,1,10,趁
康軒,6,1,10,稍
康軒,6,1,10,烘
康軒,6,1,10,衷
康軒,6,1,10,鋼
康軒,6,1,11,楓
康軒,6,1,11,恢
康軒,6,1,11,潑
康軒,6,1,11,莓
康軒,6,1,11,廳
康軒,6,1,11,額
康軒,6,1,11,灌
康軒,6,1,11,醉
康軒,6,1,11,釀
康軒,6,1,11,替
康軒,6,1,11,諒
康軒,6,1,11,脣
康軒,6,1,11,奔
康軒,6,1,11,乞
康軒,6,1,11,某
康軒,6,1,11,煥
康軒,6,1,11,橇
康軒,6,1,11,鈴
康軒,6,1,11,迴
康軒,6,1,12,異
康軒,6,1,12,頰
康軒,6,1,12,蓬
康軒,6,1,12,勃
康軒,6,1,12,逛
康軒,6,1,12,庭
康軒,6,1,12,肅
康軒,6,1,12,薔
康軒,6,1,12,薇
康軒,6,1,12,瀰
康軒,6,1,12,刮
康軒,6,1,12,括
康軒,6,1,12,螞
康軒,6,1,12,蟻
康軒,6,1,12,儘
康軒,6,2,1,嶼
康軒,6,2,1,獨
康軒,6,2,1,馳
康軒,6,2,1,輾
康軒,6,2,1,櫛
康軒,6,2,1,鱗
康軒,6,2,1,幣
康軒,6,2,1,莊
康軒,6,2,1,瀕
康軒,6,2,1,撒
康軒,6,2,1,掠
康軒,6,2,1,覓
康軒,6,2,1,紳
康軒,6,2,1,濛
康軒,6,2,1,亢
康軒,6,2,1,凌
康軒,6,2,1,岌
康軒,6,2,2,址
康軒,6,2,2,屏
康軒,6,2,2,秘
康軒,6,2,2,魯
康軒,6,2,2,璀
康軒,6,2,2,璨
康軒,6,2,2,愜
康軒,6,2,2,振
康軒,6,2,2,氛
康軒,6,2,2,序
康軒,6,2,2,澎
康軒,6,2,2,湃
康軒,6,2,2,砌
康軒,6,2,2,梯
康軒,6,2,2,玄
康軒,6,2,2,拴
康軒,6,2,2,盎
康軒,6,2,2,眸
康軒,6,2,2,杏
康軒,6,2,3,萊
康軒,6,2,3,瑞
康軒,6,2,3,霍
康軒,6,2,3,茅
康軒,6,2,3,唯
康軒,6,2,3,爆
康軒,6,2,3,供
康軒,6,2,3,府
康軒,6,2,3,購
康軒,6,2,3,碳
康軒,6,2,3,騎
康軒,6,2,3,駛
康軒,6,2,3,箱
康軒,6,2,3,嬉
康軒,6,2,3,乒
康軒,6,2,3,乓
康軒,6,2,3,鬆
康軒,6,2,3,欄
康軒,6,2,4,郭
康軒,6,2,4,征
康軒,6,2,4,茲
康軒,6,2,4,蕭
康軒,6,2,4,澈
康軒,6,2,4,辭
康軒,6,2,4,臥
康軒,6,2,4,蹤
康軒,6,2,4,逢
康軒,6,2,4,抒
康軒,6,2,4,泊
康軒,6,2,4,暉
康軒,6,2,4,摯
康軒,6,2,4,誼
康軒,6,2,5,蚵
康軒,6,2,5,嬸
康軒,6,2,5,攏
康軒,6,2,5,柄
康軒,6,2,5,笨
康軒,6,2,5,拙
康軒,6,2,5,疲
康軒,6,2,5,憊
康軒,6,2,5,鈔
康軒,6,2,5,剖
康軒,6,2,5,棚
康軒,6,2,5,裹
康軒,6,2,5,樁
康軒,6,2,5,巡
康軒,6,2,5,甦
康軒,6,2,5,豎
康軒,6,2,5,媒
康軒,6,2,5,沸
康軒,6,2,5,宛
康軒,6,2,6,碧
康軒,6,2,6,疏
康軒,6,2,6,凰
康軒,6,2,6,株
康軒,6,2,6,巔
康軒,6,2,6,戀
康軒,6,2,6,蔭
康軒,6,2,6,紡
康軒,6,2,6,緯
康軒,6,2,6,纖
康軒,6,2,6,裊
康軒,6,2,6,袖
康軒,6,2,6,鋁
康軒,6,2,6,廠
康軒,6,2,6,孜
康軒,6,2,6,猶
康軒,6,2,6,陰
康軒,6,2,6,逝
康軒,6,2,6,斑
康軒,6,2,7,斜
康軒,6,2,7,閣
康軒,6,2,7,匱
康軒,6,2,7,攤
康軒,6,2,7,冥
康軒,6,2,7,篷
康軒,6,2,7,徒
康軒,6,2,7,籌
康軒,6,2,7,埡
康軒,6,2,7,訝
康軒,6,2,7,脈
康軒,6,2,7,紮
康軒,6,2,7,窸
康軒,6,2,7,窣
康軒,6,2,7,誦
康軒,6,2,7,宇
康軒,6,2,7,宙
康軒,6,2,7,浩
康軒,6,2,7,瀚
康軒,6,2,8,瞻
康軒,6,2,8,愚
康軒,6,2,8,汲
康軒,6,2,8,庶
康軒,6,2,8,鍥
康軒,6,2,8,垮
康軒,6,2,8,嶄
康軒,6,2,8,輩
康軒,6,2,8,赴
康軒,6,2,8,構
康軒,6,2,8,諺
康軒,6,2,8,羹
康軒,6,2,8,坪
康軒,6,2,8,斤
康軒,6,2,8,貫
康軒,6,2,8,拓
康軒,6,2,9,恭
康軒,6,2,9,份
康軒,6,2,9,荊
康軒,6,2,9,棘
康軒,6,2,9,俗
康軒,6,2,9,窘
康軒,6,2,9,溝
康軒,6,2,9,闖
康軒,6,2,9,涯
康軒,6,2,9,曙
康軒,6,2,9,帆
康軒,6,2,9,槳
